rfi_id,project_name,submission_date,response_date,status,topic,description,delay_flag,days_to_close,assigned_to,priority_level,cost_impact_estimate,project_phase,rfi_type,response_quality
1,Lake Donnaland Bypass Project,2025-02-28,2025-03-25,Answered,Guardrail Placement,Along method your listen large his art strong in oil edge could focus hear responsibility without.,False,25,Subcontractor,Medium,31108.5,Excavation,Clarification,4
2,West Isaac Bypass Project,2025-04-10,2025-05-07,Open,Bridge Joint Design,Notice popular peace quickly friend medical cell international attention end include own determine medical across mean free practice meet his can body democratic sport write.,False,27,Civil Engineer,Medium,38407.14,Excavation,Clarification,2
3,Port Andrew Bypass Project,2024-12-22,2025-01-17,Answered,Lane Closures,Apply sound find western article class industry occur view nation artist enter to rather do.,True,26,Subcontractor,Medium,28600.59,Inspection,Design Change,5
4,Leonchester Bypass Project,2024-11-22,2024-11-29,Pending Review,Stormwater Drainage,Since staff beyond view choice coach policy personal town mother education once sister sign simply it attention week.,True,7,DOT Inspector,Medium,17090.66,Paving,Clarification,5
5,Deniseville Bypass Project,2025-01-09,2025-02-05,Closed,Pavement Materials,Key side green production soon say old eye often some laugh quality decision base his never.,False,27,General Contractor,Low,1012.6,Preconstruction,Clarification,5
6,North Evan Bypass Project,2024-12-13,2024-12-31,Answered,Soil Compaction,Yeah civil director mention sound wish under so life unit together write play chair responsibility later.,True,18,Subcontractor,Low,1835.61,Paving,Clarification,5
7,New Mitchellhaven Bypass Project,2024-12-01,2024-12-07,Answered,Traffic Signage,Myself mind claim sometimes wife blue middle seem action listen any investment most our evidence.,True,6,DOT Inspector,Medium,31987.59,Excavation,Design Change,4
8,East Ericberg Bypass Project,2025-01-15,2025-01-27,Pending Review,Lane Closures,Fish cup focus hour more score television wide create institution town.,False,12,General Contractor,Medium,14949.26,Inspection,Conflict Resolution,5
9,Lake Chad Bypass Project,2025-02-08,2025-03-05,Open,Soil Compaction,Assume trial central forget throw finish second article include suggest low newspaper company.,True,25,General Contractor,Medium,18556.64,Preconstruction,Clarification,3
10,Meganburgh Bypass Project,2025-04-03,2025-04-23,Closed,Soil Compaction,Talk because eye late threat food care make material sell involve go store movement write business personal security investment view cell business myself.,False,20,General Contractor,Medium,43415.53,Excavation,Conflict Resolution,4
11,Port Morgan Bypass Project,2025-04-09,2025-04-17,Pending Review,Traffic Signage,Turn vote decision million door which movie view hotel teacher hour watch science standard American whatever green cut dinner point second school enter.,True,8,General Contractor,Low,2338.91,Paving,Design Change,2
12,Port Jomouth Bypass Project,2025-03-03,2025-03-09,Answered,Stormwater Drainage,Draw gun low whatever science against she young medical produce approach kitchen sing small support chair significant fact writer camera value tax.,True,6,DOT Inspector,High,152361.24,Inspection,Clarification,3
13,Arnoldville Bypass Project,2025-03-15,2025-04-04,Answered,Lane Closures,Certain former hot thus career court discuss pay shake TV class citizen blood with size across consider husband wife account above particular.,False,20,General Contractor,High,104703.49,Preconstruction,Design Change,4
14,Ariasfurt Bypass Project,2024-11-08,2024-11-12,Open,Stormwater Drainage,But where Mrs director event short east bank upon available rather fact let man national management body set military pick paper.,True,4,General Contractor,High,70589.31,Inspection,Clarification,5
15,Ashleechester Bypass Project,2024-11-15,2024-11-25,Answered,Traffic Signage,Protect admit present institution read land no fall if fire hold voice use feeling at space message sing world action behavior.,False,10,Civil Engineer,Medium,13330.5,Inspection,Material Substitution,2
16,Richardsview Bypass Project,2024-12-08,2025-01-03,Closed,Utility Relocation,Name should summer model generation whether four spring owner natural walk consumer financial financial happen.,True,26,DOT Inspector,Medium,16097.77,Excavation,Clarification,5
17,Greenview Bypass Project,2024-12-25,2025-01-06,Open,Utility Relocation,News represent result use meeting dog coach board their north section society summer firm strong.,True,12,General Contractor,Medium,16115.73,Excavation,Clarification,3
18,Vazquezville Bypass Project,2025-01-04,2025-01-17,Open,Utility Relocation,Kid attack class culture industry current so for out practice matter tough how police nation hour husband material learn strong let nice report.,True,13,General Contractor,High,148859.13,Preconstruction,Design Change,5
19,South Charles Bypass Project,2024-11-03,2024-11-28,Pending Review,Stormwater Drainage,Computer bar contain same if major air do hit itself official meet.,True,25,Civil Engineer,High,171242.07,Excavation,Design Change,4
20,Kennethville Bypass Project,2025-04-05,2025-04-14,Closed,Pavement Materials,Lead force name push produce suffer consider hard factor matter cost player beyond grow professor bed assume.,True,9,Civil Engineer,Medium,43689.77,Preconstruction,Clarification,3
21,Hessfort Bypass Project,2024-11-26,2024-11-30,Answered,Traffic Signage,Notice must son detail church provide main sign agree world.,True,4,General Contractor,Medium,21906.25,Inspection,Clarification,4
22,North James Bypass Project,2024-11-12,2024-12-12,Open,Pavement Materials,Glass money nice certainly strong stop get difference health notice successful accept decision hair Mr seek true doctor bad moment instead impact sometimes.,False,30,Civil Engineer,Medium,25463.43,Excavation,Material Substitution,3
23,Jamesland Bypass Project,2025-03-07,2025-03-25,Pending Review,Utility Relocation,Cause eight such try teach clearly score among for professor mind again business.,True,18,DOT Inspector,Medium,49714.32,Excavation,Material Substitution,3
24,Crawfordstad Bypass Project,2024-11-16,2024-12-15,Open,Soil Compaction,Skin day will possible north prevent business fact glass population court evening your central dark medical Congress each traditional world assume piece me.,True,29,DOT Inspector,Medium,25969.39,Excavation,Design Change,3
25,Port Josephstad Bypass Project,2025-03-06,2025-03-27,Open,Guardrail Placement,When together around federal building when edge myself character stop event speech green thus benefit easy walk whether throughout.,True,21,Subcontractor,High,75924.39,Paving,Design Change,4
26,Blakeburgh Bypass Project,2024-11-24,2024-12-11,Answered,Stormwater Drainage,Chair shoulder above yeah include tough apply tend show always themselves sign media stuff impact hospital pay method letter you question.,False,17,Civil Engineer,Low,8077.34,Inspection,Design Change,2
27,Hicksbury Bypass Project,2025-02-10,2025-02-20,Pending Review,Road Grading,Our physical pretty work commercial choose over apply government else it development important week discuss man however.,True,10,Subcontractor,High,194271.28,Inspection,Conflict Resolution,2
28,East Jill Bypass Project,2024-11-03,2024-11-17,Answered,Guardrail Placement,Beautiful hour fund stop only stand spring past degree account reach over push mind light major force less machine draw easy.,False,14,Civil Engineer,Medium,44703.38,Excavation,Design Change,2
29,West Denniston Bypass Project,2024-11-29,2024-12-06,Pending Review,Bridge Joint Design,Peace city rule current bar wide about think western office effort these level blood as account public garden particularly thousand.,False,7,Subcontractor,Medium,39477.33,Inspection,Material Substitution,4
30,New Douglas Bypass Project,2024-11-29,2024-12-13,Pending Review,Bridge Joint Design,Job outside budget decision girl relationship well smile movement upon true family option rise one relationship usually mean task surface hotel.,False,14,Civil Engineer,Medium,15957.77,Excavation,Clarification,4
31,South Andrew Bypass Project,2025-04-07,2025-05-03,Pending Review,Bridge Joint Design,Scientist factor recognize they level choice morning she common idea action economic hot his nation measure argue together forget recognize clearly line town reduce such.,True,26,DOT Inspector,Medium,38148.92,Inspection,Design Change,5
32,New Johnfurt Bypass Project,2025-03-17,2025-04-02,Closed,Road Grading,Same speech foreign material water arm thought such someone music behind laugh pass street something agent.,False,16,DOT Inspector,Medium,15197.23,Paving,Clarification,2
33,Grimesshire Bypass Project,2024-11-05,2024-11-14,Answered,Utility Relocation,Finish long far prepare including front dog stage role message agency.,False,9,General Contractor,Medium,37199.03,Preconstruction,Conflict Resolution,3
34,Garrettton Bypass Project,2025-03-15,2025-04-11,Open,Utility Relocation,Size little have guy impact yeah ready concern crime speech go attention yeah specific task.,True,27,DOT Inspector,High,110440.9,Paving,Material Substitution,5
35,Jacksonbury Bypass Project,2025-01-20,2025-02-08,Pending Review,Guardrail Placement,Heart population five week no bar play opportunity system hit local.,True,19,Civil Engineer,High,182376.14,Excavation,Design Change,4
36,Stephensonmouth Bypass Project,2024-12-02,2024-12-30,Pending Review,Traffic Signage,Person upon avoid owner serve defense available tonight nor value represent loss during.,False,28,Civil Engineer,Low,6208.48,Paving,Clarification,3
37,New Nicholas Bypass Project,2025-03-01,2025-03-05,Answered,Soil Compaction,Civil nor company among weight foreign I minute if wind spend form pull another lead.,True,4,DOT Inspector,High,141982.64,Paving,Conflict Resolution,3
38,Jamesbury Bypass Project,2025-03-08,2025-03-18,Pending Review,Stormwater Drainage,Relationship clear whether Congress night growth other hot write meeting leader anything money everyone lot.,True,10,DOT Inspector,Low,9891.15,Paving,Material Substitution,3
39,North Crystalmouth Bypass Project,2025-01-05,2025-01-11,Answered,Stormwater Drainage,About short discussion school task these word much music claim agree explain vote central.,True,6,DOT Inspector,Medium,12223.89,Excavation,Clarification,3
40,West Scott Bypass Project,2025-03-06,2025-03-26,Closed,Traffic Signage,Condition news defense statement attention likely he natural former vote system nature animal civil investment do author use school thought guess mother.,False,20,DOT Inspector,Low,4571.69,Paving,Conflict Resolution,2
41,South Timothy Bypass Project,2025-02-22,2025-02-25,Closed,Pavement Materials,Down light live organization represent bed against less speak picture south nation dark surface least rather several sing son town.,False,3,Subcontractor,High,151094.75,Paving,Material Substitution,4
42,Port Sydney Bypass Project,2025-04-13,2025-05-08,Closed,Bridge Joint Design,Voice hospital have worry each agent through how why necessary maybe knowledge our send.,False,25,Subcontractor,Medium,34399.05,Paving,Material Substitution,5
43,East Austin Bypass Project,2024-11-10,2024-11-25,Answered,Utility Relocation,Per avoid blue direction worry per professional computer international experience natural continue ahead improve.,False,15,General Contractor,Low,8727.86,Excavation,Design Change,5
44,New Chelsea Bypass Project,2025-04-12,2025-04-19,Pending Review,Guardrail Placement,Position find job hair many find five exist sell court matter trial ten ahead poor play.,False,7,General Contractor,Medium,35778.37,Inspection,Clarification,5
45,Autumnmouth Bypass Project,2024-12-26,2025-01-20,Answered,Soil Compaction,Operation general their size glass finally choose data stop reality tend water color less our believe kid live become audience reason.,True,25,Subcontractor,Medium,37471.38,Paving,Material Substitution,4
46,New Michael Bypass Project,2025-01-25,2025-02-01,Open,Stormwater Drainage,Leave themselves mouth own in avoid gas hand show leg discuss.,True,7,Subcontractor,High,159905.83,Preconstruction,Clarification,2
47,Mccormickchester Bypass Project,2024-12-11,2025-01-06,Open,Guardrail Placement,Include old movie purpose article possible issue suggest kid full top without pay.,False,26,Civil Engineer,Medium,39776.89,Paving,Design Change,2
48,Lake Janet Bypass Project,2024-12-11,2024-12-16,Answered,Guardrail Placement,Front ten production cup thus allow politics us politics maybe save attention.,False,5,Subcontractor,Low,5885.32,Preconstruction,Material Substitution,2
49,West Juanfort Bypass Project,2024-11-03,2024-12-01,Closed,Bridge Joint Design,Social sort after most such national agreement maybe compare else among talk world report song add early visit rule who wear establish.,True,28,Subcontractor,Medium,22589.22,Preconstruction,Material Substitution,5
50,New Williammouth Bypass Project,2025-04-09,2025-05-09,Open,Stormwater Drainage,Along environmental majority government watch drop discuss class picture and boy be apply role full couple third difference level.,False,30,General Contractor,Medium,31955.56,Paving,Material Substitution,5
51,Cherylburgh Bypass Project,2025-04-02,2025-04-12,Pending Review,Pavement Materials,Whole form second their wear three cost save work movement whole opportunity owner region.,True,10,DOT Inspector,High,130462.41,Preconstruction,Design Change,2
52,East Lauriefort Bypass Project,2025-01-06,2025-01-18,Pending Review,Lane Closures,Song month top religious I benefit question line tend get play score still.,True,12,Subcontractor,High,126524.56,Excavation,Clarification,3
53,East Nathaniel Bypass Project,2025-01-11,2025-02-09,Open,Bridge Joint Design,Thought sign financial memory child over less choose bad box your drug five event.,False,29,Civil Engineer,Low,1918.85,Inspection,Conflict Resolution,5
54,Derekfurt Bypass Project,2024-12-06,2024-12-13,Closed,Stormwater Drainage,Floor us question food degree behind reason child development gas you street show.,False,7,DOT Inspector,Medium,43071.87,Paving,Clarification,3
55,East Matthew Bypass Project,2025-03-31,2025-04-29,Pending Review,Lane Closures,Treatment feeling finish trouble set rule low dark thought meet set finish direction save international try another better will line very speech.,False,29,Subcontractor,Medium,10279.62,Paving,Design Change,4
56,East Danielfort Bypass Project,2024-12-01,2024-12-18,Pending Review,Soil Compaction,Imagine main car meet positive Democrat last piece enjoy grow operation former rock by eat hope.,False,17,General Contractor,Medium,11974.79,Excavation,Material Substitution,5
57,West Edwardton Bypass Project,2024-11-27,2024-12-04,Answered,Utility Relocation,Base husband under matter behavior late of party human left young anyone seek ready apply pressure community charge shoulder bank ever make.,False,7,DOT Inspector,Low,6591.34,Preconstruction,Conflict Resolution,4
58,Ericside Bypass Project,2025-03-02,2025-03-15,Answered,Bridge Joint Design,Continue receive assume explain thing work himself kitchen ever push radio know value nation now commercial state.,False,13,DOT Inspector,Low,3788.65,Preconstruction,Conflict Resolution,5
59,Lake Zachary Bypass Project,2025-02-23,2025-03-14,Answered,Traffic Signage,Quality you whether someone after single kid hand toward part product team represent.,False,19,General Contractor,Low,4216.38,Inspection,Conflict Resolution,4
60,South April Bypass Project,2025-01-09,2025-01-24,Closed,Road Grading,Own spring poor way threat so for free middle expect five language fight point long your range best responsibility.,False,15,DOT Inspector,Low,9016.73,Inspection,Conflict Resolution,2
61,Lake Feliciaburgh Bypass Project,2025-04-06,2025-05-04,Open,Pavement Materials,Able food prevent thank reach day him provide history fund ground develop hard up today red trade bag government economic office term believe.,True,28,DOT Inspector,Medium,32257.7,Inspection,Design Change,2
62,Andersonfort Bypass Project,2025-04-11,2025-04-25,Answered,Soil Compaction,Article or suggest produce officer film company these spend according season possible plan boy store of color edge use west clear individual character.,False,14,General Contractor,Low,3762.34,Excavation,Design Change,4
63,East Brianside Bypass Project,2024-12-17,2024-12-31,Pending Review,Soil Compaction,Group skill enjoy assume common collection ago reflect majority true shoulder ten defense however against car administration.,False,14,General Contractor,Medium,37931.27,Inspection,Material Substitution,2
64,Matthewfurt Bypass Project,2025-02-15,2025-02-21,Closed,Bridge Joint Design,Mind hear another condition per first history vote art require consider page run worker.,True,6,Civil Engineer,High,85727.22,Paving,Clarification,2
65,Thompsonfurt Bypass Project,2025-03-01,2025-03-04,Closed,Road Grading,Information pull trouble my environmental offer brother next become song start key management level help final science resource guess over author ground plant hold.,False,3,Civil Engineer,Medium,29415.84,Preconstruction,Conflict Resolution,3
66,Scottborough Bypass Project,2025-02-04,2025-02-22,Answered,Soil Compaction,Reality peace range sell project seek measure behavior true no ability task vote whose paper lead five end.,True,18,Civil Engineer,Medium,10928.12,Excavation,Conflict Resolution,3
67,North Andrew Bypass Project,2024-11-24,2024-12-13,Open,Utility Relocation,Or government law two high clear attorney policy he attack lot thank term yeah.,True,19,General Contractor,Medium,18156.94,Excavation,Conflict Resolution,5
68,East Lindamouth Bypass Project,2025-02-19,2025-03-02,Open,Pavement Materials,Film section million option fear participant probably among music good others way understand citizen evidence society executive together main.,True,11,Civil Engineer,High,117578.77,Excavation,Clarification,2
69,Mannside Bypass Project,2025-01-27,2025-01-31,Closed,Road Grading,Difference task investment yet lay agree language ask cause fear authority natural along or show.,False,4,DOT Inspector,Low,9778.22,Paving,Clarification,5
70,South Emma Bypass Project,2025-04-15,2025-05-14,Open,Utility Relocation,Technology subject serious thus vote teach offer sure education money defense.,True,29,Civil Engineer,High,162189.65,Preconstruction,Design Change,5
71,North Joseph Bypass Project,2025-01-31,2025-02-07,Closed,Lane Closures,Response identify eye others many would dark lawyer into knowledge store recognize deep return similar argue.,False,7,Subcontractor,Low,2840.07,Preconstruction,Clarification,5
72,Morenomouth Bypass Project,2025-02-25,2025-03-15,Open,Road Grading,Special goal culture artist author marriage recently letter store sell people often bring.,False,18,Subcontractor,Medium,41916.99,Excavation,Conflict Resolution,3
73,East Anthonyville Bypass Project,2025-04-13,2025-04-16,Open,Bridge Joint Design,Edge wind drop sit under hospital care upon middle system election despite third two administration space.,False,3,Civil Engineer,Low,3028.91,Paving,Material Substitution,3
74,Lamberttown Bypass Project,2025-01-08,2025-01-16,Answered,Utility Relocation,Fear allow store rich road agent although after within military executive standard street positive per office describe.,True,8,Subcontractor,Medium,13856.83,Preconstruction,Clarification,4
75,Lake Benjamin Bypass Project,2025-02-25,2025-03-14,Answered,Stormwater Drainage,Doctor bit generation idea can accept since check analysis own above leader.,False,17,Subcontractor,Medium,45879.15,Excavation,Design Change,4
76,Jonesborough Bypass Project,2024-11-02,2024-12-02,Open,Utility Relocation,Window wife off material life never color challenge economy line.,True,30,Subcontractor,High,139567.46,Inspection,Material Substitution,5
77,West Frank Bypass Project,2024-11-15,2024-11-27,Answered,Bridge Joint Design,Through same return character scene member task several statement five east she car health design guy simple performance.,True,12,Subcontractor,Medium,18700.54,Excavation,Clarification,3
78,West Brentport Bypass Project,2024-11-08,2024-11-14,Open,Soil Compaction,Run throw save member the air institution service various benefit left player.,True,6,DOT Inspector,Low,5720.08,Paving,Design Change,3
79,Robertschester Bypass Project,2025-03-27,2025-04-23,Closed,Traffic Signage,All around nearly base situation official high now return mean from.,True,27,General Contractor,High,127692.89,Excavation,Design Change,4
80,New Stephanieburgh Bypass Project,2025-02-19,2025-02-25,Pending Review,Bridge Joint Design,Action author do show member nothing thank identify girl indicate conference key fact physical economic allow issue concern event rather example consumer partner.,False,6,DOT Inspector,Low,3415.46,Paving,Clarification,5
81,North Maryton Bypass Project,2025-03-13,2025-04-02,Closed,Traffic Signage,On even skill network behind hard control traditional action reduce family issue decision language still trade she when.,False,20,Subcontractor,Medium,34595.51,Excavation,Material Substitution,5
82,South Andrew Bypass Project,2024-12-05,2024-12-24,Closed,Road Grading,Government argue issue billion trial stay either school society left represent central able before woman day per book source manage.,True,19,General Contractor,High,142024.97,Paving,Conflict Resolution,5
83,West Julia Bypass Project,2025-04-01,2025-04-08,Open,Guardrail Placement,Series church rate present event result trade she improve lose eat data.,False,7,Civil Engineer,Low,7771.74,Preconstruction,Clarification,3
84,Mcguireton Bypass Project,2025-02-13,2025-02-18,Answered,Road Grading,Ten first test side try often particular shoulder culture simply bad professor join hour site common least.,False,5,Civil Engineer,Low,8432.22,Excavation,Design Change,4
85,Danielville Bypass Project,2025-02-07,2025-02-19,Closed,Stormwater Drainage,Sometimes half continue number outside whole treatment message guess race last range myself attention voice.,True,12,DOT Inspector,Medium,25022.09,Inspection,Clarification,2
86,South Phyllistown Bypass Project,2024-12-04,2024-12-18,Answered,Traffic Signage,Drop need growth year bad season day test reach student like job computer kitchen eye.,True,14,General Contractor,High,117211.91,Excavation,Clarification,2
87,Michaelhaven Bypass Project,2025-04-07,2025-04-25,Open,Soil Compaction,Them economic region point many claim throw prepare performance pattern mean measure eye week nature.,False,18,Subcontractor,Medium,49993.95,Preconstruction,Material Substitution,5
88,North Carolynmouth Bypass Project,2025-03-15,2025-03-23,Pending Review,Traffic Signage,Theory parent fund somebody focus alone admit treatment major once local table pay consider action.,True,8,Civil Engineer,Low,2012.3,Excavation,Material Substitution,2
89,Salinaston Bypass Project,2024-11-17,2024-11-24,Pending Review,Pavement Materials,Just environment after realize make carry rate share series these what issue century later fast organization top type reason look.,False,7,Civil Engineer,Medium,21568.44,Paving,Clarification,3
90,Madisonborough Bypass Project,2025-02-22,2025-03-17,Open,Guardrail Placement,Specific money change take there south finally to each degree action his occur spring study dog eye development idea half about change technology open.,True,23,DOT Inspector,High,65931.31,Inspection,Material Substitution,2
91,Jessicaton Bypass Project,2025-04-01,2025-04-13,Pending Review,Road Grading,Across their decide participant ten center what contain few yourself bad bank national foot sure.,True,12,General Contractor,Medium,10497.12,Paving,Conflict Resolution,5
92,Sarahside Bypass Project,2025-02-07,2025-03-06,Pending Review,Stormwater Drainage,Southern child blue question itself experience should growth inside growth fire.,False,27,General Contractor,Medium,20637.34,Paving,Conflict Resolution,4
93,Jennifermouth Bypass Project,2024-11-16,2024-11-19,Open,Utility Relocation,Past describe although by his without no direction everything major board.,True,3,DOT Inspector,High,110594.74,Inspection,Material Substitution,3
94,North Rachel Bypass Project,2024-11-06,2024-11-26,Closed,Soil Compaction,Artist remember popular discover pass able Congress lot anyone suffer say yet trouble business town.,True,20,Subcontractor,Medium,15759.3,Preconstruction,Design Change,2
95,Millerbury Bypass Project,2024-11-19,2024-12-13,Answered,Bridge Joint Design,Tell then sister table decision happen little art from keep catch which PM military sort.,True,24,General Contractor,High,124819.93,Excavation,Design Change,5
96,Lake Stephen Bypass Project,2024-11-30,2024-12-05,Answered,Traffic Signage,Us dinner receive page worry always source body ability difficult cut ago effect network.,True,5,Subcontractor,Medium,22970.89,Paving,Conflict Resolution,4
97,Lake Meganfort Bypass Project,2025-02-16,2025-02-24,Pending Review,Stormwater Drainage,Home establish station wall beautiful claim sit hotel accept hear large continue stuff prove smile.,False,8,Civil Engineer,Medium,15970.82,Excavation,Material Substitution,4
98,Christianfort Bypass Project,2024-12-15,2024-12-28,Pending Review,Utility Relocation,The not interest loss kind loss fight play close find rule book nothing finish reach technology collection American none raise small may.,False,13,DOT Inspector,Medium,28414.79,Paving,Conflict Resolution,5
99,North Karenhaven Bypass Project,2025-02-07,2025-03-06,Closed,Stormwater Drainage,Partner value black better again us drug traditional line small.,True,27,Subcontractor,Medium,27934.42,Paving,Design Change,3
100,South Mariaville Bypass Project,2024-11-22,2024-12-08,Answered,Bridge Joint Design,South force indeed source office find shake age less song show guy dog.,False,16,DOT Inspector,Medium,38054.91,Paving,Conflict Resolution,5
101,North Victoriatown Bypass Project,2024-11-19,2024-11-29,Open,Bridge Joint Design,Water important ever race focus show win hand hope both pay hear forget analysis street understand as whether fight to man generation computer.,True,10,General Contractor,Medium,31953.65,Paving,Design Change,4
102,North James Bypass Project,2025-02-24,2025-03-06,Pending Review,Guardrail Placement,Drop blue sit usually analysis visit sea same sing respond recently not country spring me.,True,10,Civil Engineer,Medium,29846.94,Inspection,Material Substitution,2
103,Port Ashleymouth Bypass Project,2025-01-25,2025-02-10,Closed,Bridge Joint Design,Put group together specific step strategy modern mind meeting investment government radio skin body.,True,16,Subcontractor,Medium,14466.48,Paving,Clarification,5
104,Port Janet Bypass Project,2025-03-29,2025-04-07,Answered,Soil Compaction,Contain cover firm last generation pass partner subject player environmental test none financial manage remember training.,False,9,Subcontractor,Medium,15801.52,Inspection,Material Substitution,3
105,North Kevinburgh Bypass Project,2025-03-25,2025-04-22,Open,Soil Compaction,Talk poor including pay growth case ahead well carry evening likely use wind much lot south crime PM grow because beautiful let less.,True,28,Subcontractor,High,94068.74,Paving,Clarification,2
106,Lake Danielberg Bypass Project,2025-03-23,2025-04-01,Pending Review,Stormwater Drainage,Leave add effort type such ahead food service middle possible particular pretty.,True,9,DOT Inspector,Medium,32788.52,Excavation,Conflict Resolution,5
107,Farmerfurt Bypass Project,2024-12-25,2024-12-31,Closed,Traffic Signage,Occur past specific action house so responsibility attack light account usually head fact nearly imagine law.,False,6,General Contractor,Medium,29814.11,Preconstruction,Conflict Resolution,5
108,New Karenshire Bypass Project,2024-12-02,2024-12-30,Answered,Traffic Signage,Measure image however Mr chair effort in else too since throughout respond example statement fund understand option.,False,28,General Contractor,Low,4577.45,Paving,Clarification,4
109,Hardingside Bypass Project,2025-03-24,2025-04-22,Answered,Lane Closures,Memory true score I become professional would many hotel cold bag happy establish American day provide one.,False,29,DOT Inspector,Low,1750.54,Preconstruction,Clarification,5
110,Emilystad Bypass Project,2025-04-08,2025-04-22,Pending Review,Guardrail Placement,Guess out check shoulder get day door century interesting camera loss himself describe month.,True,14,General Contractor,Medium,26024.59,Preconstruction,Design Change,4
111,Stevenview Bypass Project,2025-04-01,2025-04-29,Closed,Lane Closures,Fill huge pattern memory newspaper sister decade no science keep bring rock player support wall citizen entire size poor.,True,28,General Contractor,High,72457.11,Paving,Design Change,3
112,South Kimberlystad Bypass Project,2024-11-17,2024-12-13,Pending Review,Pavement Materials,Management fire late level enough the be role other possible reach attack.,True,26,Subcontractor,Low,3592.9,Paving,Design Change,3
113,Angelhaven Bypass Project,2025-02-16,2025-02-22,Pending Review,Lane Closures,Perhaps along like majority just fill marriage establish discuss than word across thousand floor not check note staff myself.,False,6,Civil Engineer,Medium,27576.26,Preconstruction,Material Substitution,3
114,East Susan Bypass Project,2025-02-10,2025-02-13,Answered,Road Grading,Measure perhaps safe than will key information draw occur hotel line whole only possible relate test the.,True,3,DOT Inspector,Medium,49819.24,Preconstruction,Design Change,4
115,Ronaldtown Bypass Project,2024-12-22,2025-01-18,Closed,Soil Compaction,Rate across by sometimes view group bank low join room husband return forward he between fill science church senior bank.,False,27,Subcontractor,Medium,26079.08,Excavation,Design Change,2
116,Lake Kimberlyview Bypass Project,2025-04-06,2025-04-21,Pending Review,Soil Compaction,Third finally paper kitchen today machine onto peace according cold last impact represent establish usually minute.,True,15,Civil Engineer,Medium,26901.73,Preconstruction,Clarification,2
117,Lake Loganberg Bypass Project,2025-03-10,2025-03-18,Closed,Pavement Materials,Common view material choose everything research contain mind perform church cost agreement.,False,8,Civil Engineer,High,104478.85,Inspection,Design Change,4
118,East Sharon Bypass Project,2025-03-18,2025-04-03,Open,Traffic Signage,Structure require young talk every realize baby prepare glass camera standard coach without few ability page.,True,16,Civil Engineer,High,198091.71,Preconstruction,Material Substitution,4
119,Thomasside Bypass Project,2025-02-04,2025-02-26,Answered,Guardrail Placement,Glass American we science tree might TV color certainly late list good act type smile beyond hot responsibility.,True,22,Civil Engineer,High,155023.18,Preconstruction,Material Substitution,2
120,Carterchester Bypass Project,2024-11-25,2024-12-19,Open,Soil Compaction,Room whose seek claim establish present area short process here score kind there plan land.,False,24,DOT Inspector,Low,9317.52,Preconstruction,Clarification,5
121,East Andreaborough Bypass Project,2025-02-09,2025-03-06,Answered,Traffic Signage,Include allow level stop indeed together unit capital know difficult state top consumer cover than.,False,25,DOT Inspector,Low,8050.78,Paving,Conflict Resolution,5
122,Kennedystad Bypass Project,2025-02-16,2025-02-26,Pending Review,Bridge Joint Design,Either big field participant nation direction rise law campaign chance particularly dream painting husband age a break why particularly already nor sign.,False,10,Subcontractor,Low,7710.58,Paving,Material Substitution,2
123,Glennmouth Bypass Project,2024-12-26,2024-12-29,Closed,Traffic Signage,Skin Mr level teacher enter trip ask policy she couple air here onto you.,True,3,DOT Inspector,High,144971.16,Inspection,Design Change,4
124,Cookton Bypass Project,2025-04-07,2025-05-04,Open,Pavement Materials,Case and understand physical politics defense person investment policy stuff view unit son.,True,27,General Contractor,Medium,48277.7,Inspection,Conflict Resolution,5
125,South Aprilfurt Bypass Project,2025-04-03,2025-04-22,Open,Lane Closures,Three believe likely they those page until wear result money same as vote mother whom.,False,19,Subcontractor,Medium,33837.18,Paving,Clarification,3
126,East Amanda Bypass Project,2025-02-14,2025-02-19,Closed,Road Grading,Bit himself sit serious body while bit wife night north thing today note painting of tax about today work better.,False,5,General Contractor,Medium,44387.68,Excavation,Clarification,3
127,Paigemouth Bypass Project,2025-04-14,2025-04-17,Closed,Utility Relocation,Democratic sign girl man dream water recognize bad this long away thing.,False,3,Subcontractor,Low,4199.96,Excavation,Design Change,2
128,Lake Bradleymouth Bypass Project,2025-03-30,2025-04-23,Closed,Bridge Joint Design,Wait poor reflect study seven issue place administration system close seat total suddenly value where enter direction.,True,24,DOT Inspector,Medium,33399.49,Inspection,Material Substitution,2
129,Riosland Bypass Project,2025-03-02,2025-03-24,Answered,Stormwater Drainage,Worker space end science among indicate hospital possible score she or team summer develop knowledge city modern fact however shoulder series ground white discover suggest.,False,22,DOT Inspector,Medium,16926.71,Excavation,Material Substitution,5
130,Port Scottside Bypass Project,2024-12-01,2024-12-21,Closed,Traffic Signage,West test yard member social throughout sometimes car place subject thus million whatever see others receive until important matter step admit open sense than.,True,20,Civil Engineer,High,63428.45,Preconstruction,Design Change,3
131,South Timothy Bypass Project,2025-01-07,2025-01-26,Pending Review,Guardrail Placement,Build improve history letter entire prove third player account tax stay tell phone trip sport surface the development part if challenge onto.,False,19,Subcontractor,Low,6566.91,Inspection,Conflict Resolution,5
132,Paulchester Bypass Project,2024-11-08,2024-11-24,Answered,Bridge Joint Design,Manager gun wall able what young leader financial spring suggest fly nearly skin improve number activity none himself entire story peace.,False,16,General Contractor,Low,8821.94,Preconstruction,Material Substitution,2
133,Port Sarahtown Bypass Project,2025-03-25,2025-04-21,Answered,Bridge Joint Design,Manager soon according song nature subject too artist business tell yet would crime imagine third Mr respond month position month check.,True,27,DOT Inspector,Medium,31954.47,Inspection,Conflict Resolution,5
134,South Jeffreyport Bypass Project,2025-02-24,2025-03-25,Closed,Guardrail Placement,Need particular whose large improve family growth now apply animal life open realize occur size response skin whose push staff serious may across.,True,29,Subcontractor,Medium,38171.55,Paving,Conflict Resolution,3
135,Michelleborough Bypass Project,2024-12-28,2025-01-15,Answered,Traffic Signage,Effort figure house national degree stop popular event both what join admit change day young sometimes change apply scientist father.,True,18,Subcontractor,Medium,45369.56,Excavation,Clarification,2
136,Fieldsbury Bypass Project,2025-01-18,2025-01-28,Open,Stormwater Drainage,Room enough wonder call friend because decision size box per Democrat.,True,10,DOT Inspector,High,138299.08,Inspection,Conflict Resolution,3
137,Vegaside Bypass Project,2024-12-26,2025-01-06,Pending Review,Bridge Joint Design,Increase think party truth send others area level close eye ready then policy also mother.,False,11,Subcontractor,Low,8442.5,Paving,Design Change,5
138,Port Michele Bypass Project,2025-01-20,2025-02-01,Closed,Traffic Signage,Hundred security answer blue risk collection chair clear remember blood then be over be between business glass property boy letter read may conference.,False,12,Civil Engineer,Medium,16905.55,Preconstruction,Clarification,4
139,Steveborough Bypass Project,2025-01-23,2025-02-06,Pending Review,Utility Relocation,Evening poor would remain capital speak raise forward fish owner wide mention agent stay them enjoy word travel minute them from common.,True,14,General Contractor,Low,5096.19,Paving,Design Change,2
140,Lake Amber Bypass Project,2024-11-07,2024-11-27,Closed,Traffic Signage,According daughter short across break method listen minute home hear brother ago year national beat crime though.,False,20,DOT Inspector,Medium,48468.96,Inspection,Clarification,5
141,Tristanhaven Bypass Project,2025-01-09,2025-02-02,Closed,Traffic Signage,Start yourself interest seem she stand country range vote common nice.,True,24,DOT Inspector,Medium,21015.75,Excavation,Design Change,3
142,Jordantown Bypass Project,2025-02-24,2025-03-14,Open,Lane Closures,Level sell prove poor throw after experience cover opportunity drive official.,True,18,Civil Engineer,High,177740.69,Inspection,Design Change,3
143,Port Stephanieville Bypass Project,2025-04-08,2025-04-21,Pending Review,Stormwater Drainage,Successful before responsibility word include move least result medical interview put night help possible on worker article rule among professor because.,False,13,Civil Engineer,Medium,17998.74,Preconstruction,Conflict Resolution,4
144,Hernandezside Bypass Project,2024-11-08,2024-11-22,Closed,Road Grading,Attorney never and threat Democrat hospital condition but loss still key go use benefit without nation camera alone center center kind.,True,14,Subcontractor,Medium,27829.01,Paving,Conflict Resolution,4
145,Kristenmouth Bypass Project,2025-03-18,2025-04-02,Open,Pavement Materials,Activity degree dog argue pretty south order free anyone team those economic lay follow suggest.,True,15,General Contractor,Medium,34132.75,Paving,Clarification,2
146,New Samantha Bypass Project,2024-11-20,2024-12-15,Answered,Lane Closures,Mrs PM away seek couple military drug cup much century usually miss car network maybe against six.,True,25,General Contractor,Low,6307.48,Inspection,Material Substitution,5
147,New Donaldville Bypass Project,2025-02-22,2025-03-15,Pending Review,Utility Relocation,Or author security choose region public glass year may billion treat similar speak note off Mrs.,False,21,Civil Engineer,Low,4058.91,Paving,Material Substitution,5
148,Maciaschester Bypass Project,2024-12-16,2025-01-02,Closed,Road Grading,From try grow cause ask specific travel business lawyer message.,False,17,Civil Engineer,Medium,21252.98,Excavation,Clarification,4
149,South Charles Bypass Project,2024-12-11,2024-12-23,Closed,Road Grading,Understand short most even help example free fine stay evening peace along provide newspaper at.,True,12,Civil Engineer,Medium,24168.04,Excavation,Material Substitution,2
150,Heatherchester Bypass Project,2025-02-14,2025-03-04,Open,Bridge Joint Design,System style group back within tree civil account economy season night concern between forward toward free they main.,True,18,Subcontractor,High,132780.94,Inspection,Material Substitution,5
151,North Kristy Bypass Project,2025-02-15,2025-03-03,Answered,Utility Relocation,Bad property create still day power stand general push six receive nothing probably support teach attention candidate of soldier ground red certainly join try.,False,16,DOT Inspector,High,58146.39,Inspection,Design Change,4
152,Davidborough Bypass Project,2025-02-23,2025-03-13,Answered,Traffic Signage,President wind loss recent visit already answer strong edge challenge agent someone another far attack movement tonight wish.,True,18,DOT Inspector,High,177963.65,Preconstruction,Material Substitution,4
153,Derekchester Bypass Project,2024-11-09,2024-11-29,Pending Review,Stormwater Drainage,Result four him agency always will owner cold a six approach year western account moment short.,False,20,Civil Engineer,Low,4023.81,Excavation,Design Change,2
154,West Jennifer Bypass Project,2024-12-20,2024-12-23,Answered,Road Grading,Argue avoid health none theory arrive character value soon statement national daughter one.,False,3,Civil Engineer,Low,7522.11,Inspection,Design Change,3
155,East Stephanie Bypass Project,2025-03-15,2025-04-05,Pending Review,Pavement Materials,Either they explain staff education poor agency majority seven enter sister result and expert share past difference.,False,21,Civil Engineer,Low,5280.17,Inspection,Material Substitution,3
156,Cooperfort Bypass Project,2024-11-25,2024-12-19,Open,Pavement Materials,Bad star prove reflect culture before law surface admit effort tree attack impact one reflect around spring choose animal soldier professor mention.,True,24,General Contractor,High,99824.48,Inspection,Design Change,2
157,Alvarezland Bypass Project,2025-01-24,2025-01-30,Answered,Utility Relocation,No work image entire house within adult tell approach pattern strong father huge character during deal west believe significant.,False,6,Subcontractor,Medium,40527.9,Preconstruction,Conflict Resolution,4
158,Port Chad Bypass Project,2025-01-03,2025-01-14,Open,Road Grading,Pretty role indicate receive lay realize election place be price myself trial.,False,11,DOT Inspector,Low,8269.2,Paving,Design Change,2
159,New Stephanie Bypass Project,2025-01-21,2025-01-31,Open,Soil Compaction,Real culture around smile four who become likely require red family player ten white use month.,True,10,Civil Engineer,Medium,30340.31,Paving,Material Substitution,4
160,South Jamie Bypass Project,2024-12-25,2025-01-22,Pending Review,Guardrail Placement,Trip land particular career could despite financial skin if old two campaign fall of example task part every reach.,False,28,General Contractor,Low,9971.36,Excavation,Design Change,5
161,East Melinda Bypass Project,2024-12-23,2025-01-03,Open,Traffic Signage,Short whose member without particularly kid wrong campaign fight open know contain Republican chance house two gas stage go.,False,11,DOT Inspector,Low,5935.69,Paving,Clarification,2
162,Cindyside Bypass Project,2025-02-01,2025-02-23,Answered,Utility Relocation,Eye decision performance several few very third science few particular war result phone buy letter phone road dog anything.,True,22,General Contractor,Medium,46749.28,Paving,Design Change,2
163,New Lisamouth Bypass Project,2024-12-03,2024-12-26,Open,Road Grading,Growth feel dream style several action growth eight public rock large right simple reflect.,True,23,Subcontractor,Medium,46808.12,Preconstruction,Conflict Resolution,2
164,South Lucas Bypass Project,2025-02-22,2025-02-27,Open,Bridge Joint Design,Over small manager however human would once yet natural rich old toward entire sound lay threat same story.,False,5,General Contractor,Medium,32821.42,Paving,Material Substitution,4
165,Port Debra Bypass Project,2024-12-29,2025-01-11,Open,Guardrail Placement,Outside listen control machine case will win run responsibility view lawyer wall give woman back sure.,False,13,Civil Engineer,Medium,46429.95,Excavation,Design Change,3
166,North Michaelfurt Bypass Project,2025-03-01,2025-03-26,Closed,Guardrail Placement,Feel instead school describe piece enjoy seat magazine foot always rich better some fact yeah outside cost rest prepare teach.,False,25,DOT Inspector,Low,6131.73,Excavation,Design Change,5
167,West Deborahberg Bypass Project,2025-02-26,2025-03-19,Answered,Utility Relocation,College role city what memory buy house manage rest rate or.,False,21,Civil Engineer,Medium,43903.65,Paving,Clarification,2
168,New Erin Bypass Project,2025-03-14,2025-03-25,Closed,Soil Compaction,Beautiful our both plant accept face during care others deal citizen man tree away that price they reach of treat manage charge listen contain home.,False,11,Subcontractor,Medium,42658.41,Preconstruction,Design Change,4
169,Jamesberg Bypass Project,2024-12-30,2025-01-09,Answered,Traffic Signage,Drop scientist firm movie tonight strategy billion contain green thought under show behind interview.,False,10,DOT Inspector,Medium,30026.24,Paving,Clarification,2
170,Aliciamouth Bypass Project,2025-04-13,2025-04-28,Answered,Guardrail Placement,Huge rest floor would begin free explain house today prevent physical.,False,15,General Contractor,Low,7862.24,Preconstruction,Design Change,5
171,Johnsonland Bypass Project,2025-04-03,2025-04-17,Pending Review,Traffic Signage,Star writer water go themselves answer technology they early to beyond few look because administration listen issue realize stock.,True,14,Subcontractor,Medium,15937.42,Excavation,Conflict Resolution,3
172,Morenofort Bypass Project,2025-02-27,2025-03-02,Closed,Lane Closures,Fly next example discover level full prepare investment mission industry approach point talk population receive church yeah.,False,3,DOT Inspector,Medium,27661.59,Preconstruction,Clarification,4
173,North Joshuaton Bypass Project,2024-11-01,2024-11-04,Answered,Guardrail Placement,Meeting drug wear crime conference skin low almost Mr himself.,False,3,Civil Engineer,Medium,16317.39,Inspection,Material Substitution,2
174,West Nancyberg Bypass Project,2025-01-30,2025-02-13,Open,Traffic Signage,Ahead value end serve fight hit maintain never summer effort firm least name although expect per.,False,14,DOT Inspector,Low,5257.19,Excavation,Design Change,4
175,Pamelamouth Bypass Project,2024-12-07,2025-01-06,Closed,Stormwater Drainage,Game last husband home raise type tree result simple establish though reach set.,False,30,Subcontractor,High,99234.16,Preconstruction,Clarification,3
176,Natalieville Bypass Project,2024-11-05,2024-11-22,Open,Soil Compaction,Morning wide major medical parent almost compare threat upon cold whose box value.,True,17,DOT Inspector,Medium,42312.81,Excavation,Clarification,2
177,South Joseph Bypass Project,2025-01-28,2025-02-11,Pending Review,Road Grading,Age trade himself shake model together line edge experience least generation from sea movement together.,False,14,DOT Inspector,Low,3273.58,Excavation,Clarification,5
178,North Annette Bypass Project,2025-01-17,2025-02-16,Answered,Guardrail Placement,Apply find wife get mention camera friend success thus hundred wall ago remember professional news.,True,30,General Contractor,High,124017.53,Inspection,Conflict Resolution,3
179,East Alexanderfort Bypass Project,2025-02-05,2025-02-23,Pending Review,Traffic Signage,Stay coach hold go film listen green weight hard floor reflect week beautiful author after discuss job modern build somebody.,True,18,General Contractor,Medium,23260.85,Paving,Conflict Resolution,5
180,Martinton Bypass Project,2024-12-06,2024-12-24,Answered,Guardrail Placement,Them table main she debate all painting score to institution movement company role interesting raise.,False,18,DOT Inspector,Low,9798.73,Inspection,Clarification,3
181,Nicholeton Bypass Project,2025-01-29,2025-02-04,Answered,Utility Relocation,Seat heavy success choice instead list watch important be on kitchen somebody including offer generation price assume thank scene heart short food role.,True,6,Civil Engineer,Low,7428.2,Paving,Material Substitution,4
182,Steeleland Bypass Project,2024-12-04,2024-12-21,Open,Guardrail Placement,Together market beat serious official matter world often west according member everything agree.,False,17,Civil Engineer,Medium,36753.49,Paving,Conflict Resolution,5
183,West Louisberg Bypass Project,2025-03-01,2025-03-08,Pending Review,Traffic Signage,Dream ever size assume take oil a response catch assume entire her kid great test live our.,False,7,General Contractor,Low,7438.48,Preconstruction,Clarification,4
184,Gravesstad Bypass Project,2024-11-08,2024-12-03,Answered,Guardrail Placement,Low produce relationship system public machine law road mother develop magazine central sea need difference stuff week civil rest apply all sense.,True,25,General Contractor,Medium,27274.12,Preconstruction,Design Change,4
185,Andreshire Bypass Project,2025-03-17,2025-04-02,Open,Road Grading,Three coach administration ability start race own short race measure east figure once fall responsibility say animal goal recognize under agency hundred scientist our how.,False,16,Subcontractor,Low,4385.14,Paving,Conflict Resolution,2
186,South Jamesside Bypass Project,2025-01-12,2025-01-20,Open,Guardrail Placement,Girl arrive center its this sit week suffer back agreement now inside star care.,True,8,General Contractor,Medium,31421.09,Preconstruction,Clarification,2
187,South Tanya Bypass Project,2025-02-22,2025-03-10,Closed,Lane Closures,Prepare stay single her company be blood across sign summer morning order reach central southern game practice answer air everyone them.,False,16,Civil Engineer,Medium,47533.11,Paving,Design Change,2
188,Mosleyborough Bypass Project,2024-11-18,2024-12-09,Pending Review,Traffic Signage,Her rather show voice blood situation relationship measure much step inside you of reflect side too bar wish life democratic likely.,False,21,General Contractor,Medium,41327.68,Preconstruction,Design Change,4
189,Smithmouth Bypass Project,2025-01-21,2025-01-31,Answered,Traffic Signage,Range thousand apply ok letter summer bed by raise record beautiful poor finish again.,True,10,DOT Inspector,Medium,41702.27,Paving,Conflict Resolution,5
190,South Markland Bypass Project,2025-01-14,2025-01-24,Pending Review,Lane Closures,Instead do be somebody thus anyone tough all short thank soldier effect despite system recognize environmental option trip picture nor thus around today keep.,False,10,Subcontractor,Medium,42391.69,Paving,Conflict Resolution,3
191,Joshuabury Bypass Project,2025-02-23,2025-03-09,Closed,Traffic Signage,Anything future certain both race organization term dog sister eat alone.,False,14,Civil Engineer,Medium,10576.23,Inspection,Conflict Resolution,5
192,Antonioview Bypass Project,2025-01-29,2025-02-21,Answered,Road Grading,Possible question about card share structure various doctor follow card base into with best indeed church structure.,True,23,Subcontractor,High,51252.45,Paving,Conflict Resolution,2
193,Jamesbury Bypass Project,2025-01-25,2025-01-31,Closed,Utility Relocation,Project upon management within food relationship future course body level matter team alone.,True,6,Civil Engineer,High,58207.71,Inspection,Conflict Resolution,3
194,Kingtown Bypass Project,2024-11-11,2024-11-19,Pending Review,Traffic Signage,Film avoid identify remain along brother imagine in daughter federal lawyer over herself give.,False,8,Civil Engineer,Medium,21524.12,Preconstruction,Clarification,5
195,Port Pamela Bypass Project,2025-04-08,2025-05-02,Answered,Lane Closures,List sing price writer on audience whom company it difference degree community challenge treatment character land.,False,24,Subcontractor,Medium,30631.72,Paving,Design Change,3
196,Port Monicafurt Bypass Project,2025-01-31,2025-02-06,Pending Review,Road Grading,Plan scientist issue lead board serious manage assume do low score opportunity thought color.,True,6,Subcontractor,Medium,30111.41,Inspection,Design Change,5
197,Lake Brianhaven Bypass Project,2024-11-21,2024-12-08,Answered,Soil Compaction,Cold central best community common spring Democrat eight painting network officer practice industry ball authority key five foot evidence onto will.,True,17,Civil Engineer,Medium,14453.08,Excavation,Clarification,4
198,Lake Scott Bypass Project,2024-11-30,2024-12-26,Closed,Utility Relocation,Policy stop at drug measure watch sort character market true nor they president worker organization consumer various strong else.,False,26,Civil Engineer,High,157178.47,Preconstruction,Design Change,4
199,New Katieshire Bypass Project,2025-02-23,2025-03-13,Closed,Bridge Joint Design,While model dark class save ready section table power hospital defense us investment choose determine letter size.,False,18,Subcontractor,Medium,17835.47,Excavation,Material Substitution,4
200,Lake Laura Bypass Project,2025-02-27,2025-03-26,Answered,Road Grading,Picture plan always lose clearly effort room off perhaps such everyone at eye far spring social business beat big.,False,27,DOT Inspector,Low,9127.53,Preconstruction,Material Substitution,2
201,Smithland Bypass Project,2025-01-21,2025-01-30,Pending Review,Soil Compaction,Career determine tax shake indicate particularly remember page attack sit Mr toward network find end sort about picture.,True,9,DOT Inspector,High,179354.88,Paving,Material Substitution,5
202,New Derek Bypass Project,2024-12-10,2025-01-03,Closed,Guardrail Placement,Probably religious kind present contain life girl blood science ok pretty family deep board agree himself.,True,24,Subcontractor,High,81958.03,Excavation,Material Substitution,2
203,Gonzalezside Bypass Project,2025-03-20,2025-03-26,Open,Lane Closures,Whatever imagine grow policy change college remember yourself activity decade north mean message nearly door participant poor national include visit international none.,True,6,DOT Inspector,Medium,19186.71,Preconstruction,Clarification,5
204,New Charlesside Bypass Project,2024-11-15,2024-11-29,Pending Review,Stormwater Drainage,Play loss thing rich man listen and grow one follow foreign consumer.,False,14,General Contractor,Medium,21258.53,Excavation,Clarification,5
205,Lake Destiny Bypass Project,2025-02-04,2025-03-02,Pending Review,Pavement Materials,Recognize build customer left professor control hear check themselves so strategy phone region key might third executive like provide candidate within.,True,26,General Contractor,Medium,38569.91,Preconstruction,Conflict Resolution,5
206,Barbaramouth Bypass Project,2025-02-24,2025-02-28,Answered,Guardrail Placement,To administration eye or scene education reveal check who model we.,False,4,Civil Engineer,Medium,24506.38,Excavation,Material Substitution,3
207,Lake Susanfort Bypass Project,2025-01-19,2025-02-08,Pending Review,Pavement Materials,Fine leave month approach institution several discover cell control before situation contain national list treat teacher defense true fine also.,True,20,Civil Engineer,High,197887.14,Inspection,Clarification,5
208,Port Edward Bypass Project,2025-01-03,2025-01-19,Pending Review,Traffic Signage,Kind meet sort politics anything almost girl report management require see writer board same fall face adult surface sense government.,True,16,Civil Engineer,High,140753.19,Paving,Material Substitution,4
209,Port Bryanstad Bypass Project,2024-11-22,2024-11-30,Answered,Stormwater Drainage,After world home believe board cost smile better personal offer agency deal according major product different something.,False,8,Subcontractor,Low,3661.72,Preconstruction,Material Substitution,5
210,West Ellen Bypass Project,2025-04-08,2025-05-06,Open,Traffic Signage,That wrong top over this eye idea show seem song compare.,False,28,Civil Engineer,Medium,33512.78,Paving,Clarification,3
211,East Erinland Bypass Project,2025-01-15,2025-02-02,Open,Soil Compaction,Field police someone serve cup site social civil black art experience any write.,True,18,Subcontractor,High,75568.48,Inspection,Design Change,5
212,East Anthonystad Bypass Project,2025-02-28,2025-03-06,Answered,Bridge Joint Design,Military kitchen country case bring official bar wear describe paper ago.,False,6,Civil Engineer,Low,2338.2,Preconstruction,Conflict Resolution,2
213,Pattersonhaven Bypass Project,2025-03-07,2025-04-03,Closed,Pavement Materials,Sense PM memory step best not cultural much can agreement.,True,27,Civil Engineer,High,159546.4,Paving,Conflict Resolution,4
214,East Jasmine Bypass Project,2025-02-28,2025-03-28,Pending Review,Soil Compaction,Evidence hour treat center attorney painting but street record care task change again book record than financial city.,True,28,General Contractor,High,111605.27,Paving,Conflict Resolution,5
215,New Joseph Bypass Project,2025-03-28,2025-04-20,Open,Stormwater Drainage,Wide decide boy party three process third important ask walk important often administration threat such he especially support.,False,23,Civil Engineer,Low,2493.3,Paving,Design Change,5
216,North Ginafurt Bypass Project,2025-04-04,2025-04-17,Closed,Soil Compaction,Difficult would really start box this indeed sound weight appear church early ok give reach western safe baby fly line small.,False,13,DOT Inspector,Medium,23112.36,Preconstruction,Material Substitution,3
217,Kimberlystad Bypass Project,2025-03-10,2025-04-03,Open,Stormwater Drainage,Sign go key rise interview do production five organization trade share their debate save everybody name free lose benefit.,True,24,General Contractor,Medium,19878.53,Inspection,Clarification,5
218,Sarahland Bypass Project,2025-02-06,2025-02-15,Answered,Bridge Joint Design,Room where end agent visit sit glass bank yet since police sport break place modern Mr energy attack affect political bank.,True,9,Civil Engineer,High,89563.09,Paving,Material Substitution,4
219,West Daniel Bypass Project,2024-12-20,2025-01-19,Closed,Stormwater Drainage,Body current goal home carry health another carry them view local truth man I current able herself without hot.,True,30,DOT Inspector,Medium,33307.57,Inspection,Conflict Resolution,2
220,North Elainemouth Bypass Project,2025-02-25,2025-03-03,Answered,Bridge Joint Design,With able serious always economic modern approach something respond police when series.,False,6,Civil Engineer,Low,1819.62,Excavation,Design Change,4
221,Wallfort Bypass Project,2024-12-29,2025-01-13,Closed,Lane Closures,Stay decade role experience message range find red stay use.,False,15,General Contractor,Low,8809.43,Preconstruction,Design Change,4
222,West David Bypass Project,2024-12-02,2024-12-12,Open,Bridge Joint Design,Because risk significant try power better spring TV student development successful everybody above eat live prepare style north loss hard today population let.,True,10,Civil Engineer,High,95853.12,Inspection,Clarification,5
223,Whitehaven Bypass Project,2024-11-25,2024-12-04,Open,Pavement Materials,Issue institution across consumer media whatever hand idea team size challenge pass dog on.,True,9,DOT Inspector,Low,4596.81,Paving,Clarification,3
224,Matthewstad Bypass Project,2025-03-13,2025-03-21,Pending Review,Traffic Signage,Ability pattern article people type hit include structure team thing until.,True,8,General Contractor,High,77517.86,Preconstruction,Material Substitution,4
225,Cunninghammouth Bypass Project,2024-12-10,2025-01-08,Open,Soil Compaction,Subject magazine charge perform boy general suddenly manage begin surface together necessary per individual group social available.,False,29,DOT Inspector,Medium,44196.97,Preconstruction,Conflict Resolution,3
226,West Christina Bypass Project,2024-12-21,2025-01-07,Closed,Guardrail Placement,Quite water price institution camera unit could pay medical lot past prevent meet Democrat thing her job start matter cover north.,False,17,Subcontractor,Low,3807.66,Preconstruction,Design Change,2
227,Mosleyberg Bypass Project,2025-03-24,2025-04-18,Closed,Bridge Joint Design,Record her bit cup seat stay require skill threat rest have various impact experience evidence season thousand then worker there my research view.,False,25,DOT Inspector,Low,8444.02,Inspection,Conflict Resolution,3
228,Jeremyhaven Bypass Project,2024-11-30,2024-12-19,Open,Lane Closures,Likely why action give ever improve focus resource kid left five kid.,True,19,General Contractor,Low,1810.37,Excavation,Conflict Resolution,2
229,Hamiltonville Bypass Project,2025-02-18,2025-03-19,Open,Guardrail Placement,Possible responsibility history region Congress win form couple win particular research.,True,29,Civil Engineer,Medium,16653.47,Preconstruction,Conflict Resolution,3
230,Torresland Bypass Project,2025-01-07,2025-01-26,Open,Lane Closures,Individual big cause campaign player find worker senior environmental let ok describe stock part tough degree over sell nothing better budget ready.,False,19,Civil Engineer,Medium,11572.14,Excavation,Conflict Resolution,3
231,Seanchester Bypass Project,2025-03-24,2025-04-18,Answered,Stormwater Drainage,These scientist black under perhaps art here but run too good lead financial nor authority and wind second little recognize thing.,False,25,General Contractor,High,71760.7,Paving,Material Substitution,5
232,Kelseyville Bypass Project,2025-03-04,2025-03-20,Open,Soil Compaction,Join edge long issue particular couple suggest home million daughter plan task production.,True,16,DOT Inspector,High,110854.91,Preconstruction,Clarification,4
233,Nicoleside Bypass Project,2024-12-17,2024-12-30,Pending Review,Bridge Joint Design,Charge and president indicate relationship million toward coach rate from get administration line near.,True,13,Subcontractor,Low,8057.91,Inspection,Conflict Resolution,5
234,Carlsonbury Bypass Project,2025-03-16,2025-03-26,Pending Review,Guardrail Placement,Republican media southern financial her take field home political help skin however president magazine hotel our.,False,10,General Contractor,Medium,42411.22,Paving,Clarification,4
235,Lake Williamborough Bypass Project,2024-12-29,2025-01-19,Answered,Utility Relocation,Century half them police thing dark performance word order western idea bed serve situation nothing require interest new other.,True,21,Civil Engineer,High,99324.45,Excavation,Design Change,5
236,Lake Joseph Bypass Project,2025-03-24,2025-04-10,Pending Review,Guardrail Placement,More successful newspaper stay day pressure after but ok pull its organization feel those player baby particular simply item need.,True,17,Subcontractor,Low,4950.96,Paving,Material Substitution,5
237,Howardfort Bypass Project,2025-01-29,2025-02-04,Pending Review,Traffic Signage,Leader lay yeah ahead specific positive upon top purpose fund example produce.,False,6,DOT Inspector,Low,9675.02,Excavation,Conflict Resolution,5
238,Khanport Bypass Project,2024-12-27,2024-12-31,Open,Soil Compaction,Able if blue several carry just forget share true difficult maybe either notice director interesting sound specific indeed without impact crime guess be evidence.,True,4,Civil Engineer,Low,4915.05,Preconstruction,Clarification,4
239,Jacquelinestad Bypass Project,2024-11-13,2024-11-22,Closed,Stormwater Drainage,Air computer operation those western environmental rise against piece low southern cell.,False,9,Civil Engineer,Low,3256.65,Paving,Design Change,5
240,West Leon Bypass Project,2025-01-12,2025-02-03,Answered,Guardrail Placement,Quality require threat rich hundred world fight little shoulder view animal.,False,22,Civil Engineer,Medium,23442.3,Paving,Design Change,4
241,Port Melissa Bypass Project,2024-12-26,2025-01-18,Pending Review,Traffic Signage,Pass practice rich institution move measure maintain center data if sometimes enjoy now throughout information money.,True,23,Subcontractor,Low,5802.19,Excavation,Design Change,5
242,Osbornborough Bypass Project,2025-01-20,2025-01-26,Open,Soil Compaction,This not everyone shake early task during among shake success first.,True,6,DOT Inspector,High,162064.27,Excavation,Material Substitution,5
243,North Olivia Bypass Project,2025-01-01,2025-01-22,Answered,Bridge Joint Design,Since executive strategy nearly end thing last time me history anything water special across century letter member nature firm close but oil huge especially about.,False,21,DOT Inspector,Low,9113.95,Preconstruction,Design Change,5
244,South Tyler Bypass Project,2024-11-07,2024-12-07,Closed,Road Grading,Somebody wind bed increase ability act body than force anyone head growth instead between reveal yourself agent need campaign worry between report write people.,False,30,DOT Inspector,Low,1792.88,Preconstruction,Material Substitution,3
245,Teresafurt Bypass Project,2024-12-01,2024-12-04,Open,Road Grading,Design him line resource she Congress dog month continue believe network late major practice loss very raise result here else reflect trouble hotel high.,False,3,Civil Engineer,Low,5507.0,Preconstruction,Design Change,3
246,Reneetown Bypass Project,2025-04-05,2025-04-09,Pending Review,Stormwater Drainage,Lose expect where southern shoulder finally newspaper too friend investment century catch finally people trouble ability.,True,4,Subcontractor,High,145423.57,Preconstruction,Clarification,2
247,Rossborough Bypass Project,2024-12-22,2025-01-12,Answered,Utility Relocation,Sense radio will challenge meet evidence another top film challenge study discussion laugh edge similar agent site mission financial moment computer remain thus now know.,True,21,General Contractor,High,163339.93,Paving,Material Substitution,2
248,Christopherland Bypass Project,2024-11-08,2024-11-28,Pending Review,Guardrail Placement,Head yard gun until successful notice serious career impact ready reason pull a small rise individual.,False,20,DOT Inspector,Medium,12808.98,Preconstruction,Material Substitution,5
249,Lake Phillip Bypass Project,2025-03-26,2025-04-19,Closed,Bridge Joint Design,Only main particularly yard finally bag born sister remain somebody thank across thought cost.,True,24,DOT Inspector,Low,9368.44,Excavation,Clarification,2
250,Freemanmouth Bypass Project,2025-03-25,2025-04-03,Closed,Bridge Joint Design,Shoulder hear nature only country building forward several all agent hope market draw.,True,9,General Contractor,Medium,11299.41,Paving,Material Substitution,4
251,South Bethanyfort Bypass Project,2025-01-30,2025-02-20,Closed,Lane Closures,Usually get possible marriage arrive himself allow court commercial throughout position hear body sense agent different tonight consider back necessary check factor visit.,True,21,Subcontractor,Medium,10399.71,Paving,Clarification,4
252,East Lauren Bypass Project,2025-04-13,2025-04-23,Pending Review,Road Grading,Yard large million I ago thus lot dream size go meet purpose system region always suggest include.,True,10,DOT Inspector,Medium,39954.1,Preconstruction,Design Change,4
253,Holmesmouth Bypass Project,2025-02-28,2025-03-20,Pending Review,Utility Relocation,Which home event view senior campaign yet remember enough care look green series.,False,20,DOT Inspector,Medium,15579.08,Excavation,Design Change,2
254,East Megan Bypass Project,2025-01-21,2025-01-30,Closed,Pavement Materials,Thus book however lay five some analysis lead magazine mouth government agree.,True,9,Civil Engineer,Medium,43643.86,Inspection,Conflict Resolution,3
255,West Stevenburgh Bypass Project,2024-11-12,2024-11-16,Closed,Utility Relocation,Beat center Republican director example pay to want away service why travel enjoy the many various bar rock morning research skill new hour.,True,4,Subcontractor,Medium,10627.05,Preconstruction,Material Substitution,3
256,New Jasmineport Bypass Project,2024-11-11,2024-12-11,Answered,Bridge Joint Design,Page others product perform ability election population six finally card maintain occur play school century commercial call others safe after can will my.,True,30,DOT Inspector,Medium,17653.88,Paving,Design Change,2
257,West Cynthia Bypass Project,2024-12-19,2024-12-30,Open,Traffic Signage,Do side thought her stage amount foot pressure kind after hear sign western by increase training a official program suffer officer class ball woman.,True,11,DOT Inspector,High,185124.78,Paving,Clarification,5
258,Lake Gilbert Bypass Project,2024-11-15,2024-12-04,Answered,Lane Closures,Since do trade collection product determine century catch back cut Congress or subject office.,False,19,DOT Inspector,Low,1921.65,Paving,Conflict Resolution,2
259,New Jamiestad Bypass Project,2025-02-19,2025-02-24,Answered,Lane Closures,Build near of center everybody sea wind near forget both fund feel fund remember design design ago.,True,5,General Contractor,Medium,26466.66,Preconstruction,Material Substitution,5
260,Brianville Bypass Project,2025-01-27,2025-02-03,Open,Traffic Signage,Base skill decision treatment it environment late career car model already husband behavior win Congress involve language visit black general.,True,7,DOT Inspector,Medium,22050.13,Paving,Material Substitution,2
261,New Edwin Bypass Project,2025-04-06,2025-04-16,Answered,Stormwater Drainage,Site relate mean tree perform point board control director international fall learn pressure future body rest science himself provide development finish.,True,10,General Contractor,Medium,16577.42,Preconstruction,Clarification,2
262,North Gregoryhaven Bypass Project,2024-12-23,2024-12-30,Answered,Soil Compaction,Hundred prevent finish plant sport black sell analysis management cost international development research.,False,7,DOT Inspector,Low,5201.47,Preconstruction,Design Change,4
263,West Jacobmouth Bypass Project,2025-03-24,2025-03-30,Pending Review,Pavement Materials,North food season him seek bank market last choice key computer hit girl avoid recently design person at sound why.,False,6,General Contractor,Low,1647.9,Paving,Conflict Resolution,4
264,Jonathanstad Bypass Project,2025-01-16,2025-01-29,Closed,Utility Relocation,Region grow anything despite bank number idea international first organization most goal capital trip return model economic first.,False,13,General Contractor,Medium,26092.3,Inspection,Clarification,5
265,Taylorton Bypass Project,2024-12-22,2024-12-28,Open,Traffic Signage,Two dog for letter purpose technology tax establish he animal will effect fast popular available leader spring see suffer me.,True,6,Civil Engineer,High,133461.86,Excavation,Design Change,5
266,New Lisaview Bypass Project,2025-02-15,2025-02-24,Pending Review,Lane Closures,Rock modern war front student across not save happen two writer partner dark service phone hot stage week news simple into performance share.,True,9,Civil Engineer,Medium,30629.68,Inspection,Material Substitution,3
267,East Ryan Bypass Project,2025-02-25,2025-03-25,Closed,Stormwater Drainage,Animal important ago similar land hard support majority real election air like well level science maintain serious.,False,28,General Contractor,Medium,41965.76,Paving,Design Change,2
268,West Cynthiatown Bypass Project,2025-01-06,2025-01-21,Closed,Lane Closures,Quite pressure deal around official scientist as edge some church toward American final eye food pass.,False,15,Subcontractor,Medium,48999.11,Paving,Clarification,3
269,New Richardmouth Bypass Project,2024-12-01,2024-12-04,Open,Bridge Joint Design,Word recent about after answer certain southern city market maintain feeling seek window situation capital floor game reality relationship bar task democratic defense.,False,3,General Contractor,Medium,15115.7,Preconstruction,Conflict Resolution,2
270,Lawrenceberg Bypass Project,2025-01-29,2025-02-12,Closed,Road Grading,Issue paper account industry she son source local cut state space decide central especially news themselves four three her speech cause safe world young.,False,14,Civil Engineer,Medium,49551.79,Excavation,Design Change,5
271,Lake Josefurt Bypass Project,2025-02-26,2025-03-02,Pending Review,Road Grading,Kitchen receive money loss public cell cold between over especially position note world prove country.,False,4,DOT Inspector,Low,2130.9,Paving,Clarification,3
272,South Michaelberg Bypass Project,2024-11-02,2024-11-13,Pending Review,Lane Closures,Professional successful skin on wife arm only vote performance quite business number already.,True,11,Civil Engineer,High,135504.08,Paving,Material Substitution,3
273,West Paulton Bypass Project,2025-03-15,2025-03-23,Answered,Traffic Signage,Charge factor short hotel wonder sometimes member five certainly night police expert power now.,True,8,Civil Engineer,Low,8470.45,Preconstruction,Material Substitution,4
274,Debbiefort Bypass Project,2025-02-18,2025-03-14,Answered,Pavement Materials,Energy how spend blood attorney almost pay language forward others watch up while anything wall these same inside scene point fill yard hundred to.,False,24,Civil Engineer,Low,4520.21,Inspection,Conflict Resolution,4
275,North Alyssahaven Bypass Project,2025-01-12,2025-01-23,Open,Lane Closures,Rule mouth own method smile consumer hold western where employee analysis yeah.,False,11,General Contractor,Low,7310.55,Excavation,Clarification,5
276,East Steven Bypass Project,2024-12-31,2025-01-22,Closed,Pavement Materials,Change analysis morning Mr interest lay remember leader enjoy determine much from new yourself response or something walk her teacher first.,False,22,Subcontractor,Medium,21604.6,Inspection,Conflict Resolution,2
277,Port Cynthia Bypass Project,2025-03-04,2025-03-28,Pending Review,Stormwater Drainage,Since fall better bit paper study agency chair son Democrat reality customer him front federal determine debate guy call walk statement understand girl.,False,24,General Contractor,Medium,29047.25,Preconstruction,Conflict Resolution,3
278,West Angela Bypass Project,2024-12-09,2024-12-27,Open,Pavement Materials,Though consider claim future thought financial tax drop occur say million involve happy.,False,18,Subcontractor,Low,5188.86,Excavation,Material Substitution,5
279,Lake Jack Bypass Project,2024-12-31,2025-01-06,Answered,Utility Relocation,Able drive positive leave special home price paper particular recently yourself impact pull word white study.,True,6,Civil Engineer,Medium,16562.18,Preconstruction,Design Change,4
280,Terryside Bypass Project,2025-02-16,2025-03-15,Answered,Pavement Materials,Much yeah property seven bit teacher all building detail their according themselves sign human example own surface fly.,True,27,General Contractor,High,52450.21,Paving,Design Change,2
281,Michaeltown Bypass Project,2024-12-20,2024-12-26,Answered,Utility Relocation,Education end understand coach part pay while citizen particularly pattern form suddenly popular morning hold enough forget.,False,6,General Contractor,Medium,17877.29,Excavation,Clarification,2
282,Markfurt Bypass Project,2024-12-16,2025-01-11,Pending Review,Traffic Signage,Represent answer method power whether inside suggest wind bit every peace require federal box just firm next compare less doctor arm.,True,26,Civil Engineer,Medium,18792.63,Excavation,Clarification,4
283,South Kayla Bypass Project,2025-02-22,2025-03-04,Answered,Pavement Materials,Nation tell coach total indeed measure save want per move floor treatment stock real staff include other.,False,10,Civil Engineer,Medium,42015.59,Inspection,Design Change,3
284,Wallview Bypass Project,2025-03-04,2025-03-15,Closed,Utility Relocation,Arm science hard two beat send never source former manager today bar peace how get someone event capital environment again stay nearly.,False,11,General Contractor,Medium,25419.55,Preconstruction,Design Change,4
285,North Sylviaport Bypass Project,2024-11-26,2024-12-07,Answered,Stormwater Drainage,Receive task customer animal modern cell on modern morning teacher wide home carry without sound method performance three worker who sometimes pull range.,True,11,DOT Inspector,Low,9128.52,Inspection,Conflict Resolution,2
286,West Jeffreyhaven Bypass Project,2025-02-04,2025-03-06,Pending Review,Lane Closures,Area pass city at item age final during shake subject ask early stop food hot ground medical capital guy door view product myself.,True,30,DOT Inspector,Low,1035.96,Excavation,Material Substitution,5
287,New Karen Bypass Project,2025-01-11,2025-02-02,Pending Review,Road Grading,Court local industry establish better huge why nearly together responsibility identify price age expert feeling woman.,True,22,General Contractor,High,121629.21,Inspection,Design Change,5
288,New Laura Bypass Project,2025-03-15,2025-04-03,Open,Soil Compaction,News environmental suggest white professional message type so service together least include last must guess main opportunity only food alone.,False,19,DOT Inspector,Low,3971.47,Inspection,Clarification,5
289,Fishershire Bypass Project,2024-12-01,2024-12-17,Answered,Lane Closures,Write star add trouble instead story sea arrive officer red role quickly despite.,True,16,General Contractor,Low,7145.57,Paving,Material Substitution,5
290,Michelemouth Bypass Project,2024-11-14,2024-12-06,Open,Traffic Signage,Surface oil minute through reflect or in increase along fact recent accept serious church Congress paper hundred four real.,False,22,Civil Engineer,Low,4875.52,Inspection,Clarification,5
291,Christopherfurt Bypass Project,2025-04-07,2025-04-27,Open,Bridge Joint Design,Grow situation if design build than red away check carry imagine.,False,20,Civil Engineer,High,102754.51,Paving,Design Change,5
292,Perrybury Bypass Project,2025-02-08,2025-03-09,Answered,Pavement Materials,Beat maybe job letter take above whether not issue wall deal its explain mention set issue wear school bank company cup together service tree.,True,29,General Contractor,Medium,44998.79,Inspection,Material Substitution,4
293,Brownview Bypass Project,2025-03-28,2025-04-16,Open,Traffic Signage,Guy energy six executive certainly white character base fly news stock choose into three film will crime he personal continue college.,True,19,General Contractor,Medium,42830.76,Excavation,Design Change,5
294,Bellfort Bypass Project,2025-03-01,2025-03-26,Pending Review,Utility Relocation,Seek point American affect nearly focus sit indeed live herself admit water yourself surface capital common fast these police beyond then take opportunity big.,False,25,General Contractor,Medium,11732.54,Inspection,Conflict Resolution,5
295,New Charles Bypass Project,2024-11-20,2024-12-03,Closed,Soil Compaction,Anyone front approach water couple which performance blood explain fast figure ground quickly mention walk society low bring sense resource.,True,13,Civil Engineer,Medium,33879.47,Excavation,Design Change,2
296,Lake Sarah Bypass Project,2025-03-13,2025-03-20,Open,Road Grading,Prepare bit recent world site coach still add sure past fast action not prove analysis role case girl sure.,True,7,General Contractor,Medium,28809.67,Inspection,Material Substitution,3
297,Paulville Bypass Project,2025-02-03,2025-02-28,Open,Road Grading,But bar value hair result east year treat line action those fear reflect number team put body cut right behavior writer.,False,25,DOT Inspector,Low,3346.19,Inspection,Design Change,2
298,Bishopport Bypass Project,2025-03-27,2025-04-26,Open,Bridge Joint Design,Collection other themselves fly fly life white food hotel national recent control recent new both baby exactly strategy picture matter rock.,False,30,Civil Engineer,Low,8922.91,Preconstruction,Design Change,2
299,Abigailview Bypass Project,2025-02-22,2025-03-09,Open,Guardrail Placement,Before board interview mind per set bed apply behind since language candidate church meeting miss sign their meet.,True,15,Subcontractor,High,54054.67,Inspection,Conflict Resolution,2
300,Markberg Bypass Project,2024-12-07,2025-01-04,Closed,Pavement Materials,Hope home sit always value card measure easy he leader sense challenge near some state such good difficult.,False,28,General Contractor,Medium,37081.64,Inspection,Design Change,3
301,Port Michelleport Bypass Project,2025-01-17,2025-02-04,Closed,Bridge Joint Design,Music everyone best yet response draw week painting partner artist medical scientist successful popular.,True,18,Subcontractor,Medium,20564.87,Preconstruction,Design Change,3
302,North Stephanieside Bypass Project,2025-02-10,2025-03-10,Open,Soil Compaction,Their build for camera others white weight service exactly produce others war sit able course community question.,True,28,Subcontractor,Medium,19717.1,Preconstruction,Clarification,2
303,West Brittany Bypass Project,2025-02-24,2025-03-07,Pending Review,Soil Compaction,Either institution own cost spend teach conference spring section wonder show price wife.,True,11,Subcontractor,Low,7324.75,Preconstruction,Clarification,3
304,Hernandezbury Bypass Project,2025-01-17,2025-01-23,Pending Review,Guardrail Placement,Type care woman let to investment television oil today carry impact.,False,6,Subcontractor,Medium,24921.49,Excavation,Conflict Resolution,4
305,Davidport Bypass Project,2025-01-04,2025-01-26,Closed,Guardrail Placement,Commercial always president hospital glass every tonight without buy your heart idea within personal.,False,22,General Contractor,Medium,38974.21,Inspection,Clarification,4
306,Carlaview Bypass Project,2025-02-14,2025-03-02,Open,Traffic Signage,End sound alone claim letter win hard hair model since stand stage head crime decision debate beautiful defense early mean rock.,False,16,Civil Engineer,Low,9292.18,Paving,Design Change,4
307,East Ronald Bypass Project,2025-03-11,2025-03-14,Open,Soil Compaction,Serve within building tree professor change fly various century turn Mrs character pressure structure know reveal key against experience either.,False,3,General Contractor,Low,7618.31,Excavation,Conflict Resolution,5
308,North Kariborough Bypass Project,2024-12-08,2024-12-15,Open,Road Grading,Animal crime skin sense see shake seat kitchen east sort space.,True,7,Civil Engineer,Medium,29238.61,Paving,Conflict Resolution,5
309,Port Casey Bypass Project,2025-01-02,2025-01-07,Closed,Lane Closures,Performance raise performance break stock tree cold nor fear kitchen room table responsibility special big energy would tree.,True,5,Subcontractor,Medium,23454.89,Preconstruction,Design Change,3
310,Wendybury Bypass Project,2024-11-14,2024-11-20,Open,Utility Relocation,Since term rise single wide here result pretty quite out according scientist forward other high.,False,6,General Contractor,Medium,10735.35,Excavation,Conflict Resolution,4
311,Foleyton Bypass Project,2024-12-18,2025-01-08,Open,Traffic Signage,Force fall necessary coach stand reach market between generation task management prove.,True,21,General Contractor,Low,6020.6,Inspection,Design Change,4
312,Port Mackenzie Bypass Project,2025-04-06,2025-04-26,Open,Lane Closures,Beautiful effect allow part at expect space story head early public.,True,20,General Contractor,High,149570.74,Excavation,Design Change,5
313,Jessicaport Bypass Project,2024-12-29,2025-01-24,Open,Stormwater Drainage,Huge head water identify measure tree tell environmental property decide candidate instead effect mean have increase budget by.,False,26,Subcontractor,Low,1773.61,Inspection,Design Change,2
314,Kirkstad Bypass Project,2025-03-16,2025-03-24,Open,Lane Closures,Way miss improve late be improve top doctor policy alone meet down.,False,8,Civil Engineer,Low,2694.27,Excavation,Material Substitution,3
315,Robertfort Bypass Project,2025-03-26,2025-04-14,Open,Stormwater Drainage,Kitchen result ever when hold kitchen media head yet treat race radio notice government thing middle million law thousand ability how test learn standard situation.,True,19,General Contractor,Medium,38447.8,Paving,Clarification,3
316,West Darius Bypass Project,2025-02-25,2025-03-16,Pending Review,Road Grading,Least not pull a however several Democrat college the century modern interest audience try movie customer through figure bed bed example.,True,19,Subcontractor,Medium,14004.41,Paving,Conflict Resolution,2
317,Dominicport Bypass Project,2024-11-26,2024-12-02,Open,Soil Compaction,Police from check impact through seven happen lot anyone country event.,False,6,Subcontractor,Low,6160.14,Paving,Material Substitution,3
318,Johnsonton Bypass Project,2025-02-14,2025-03-07,Answered,Guardrail Placement,Tv relate situation paper tell business begin visit idea early local think miss their deal look week argue class one cover exactly service.,True,21,Civil Engineer,Medium,26301.0,Inspection,Design Change,5
319,South Kathleentown Bypass Project,2024-11-29,2024-12-08,Open,Pavement Materials,Control thus agency while decide seven different current tonight sister land dream simple in join attack section my sign garden.,True,9,DOT Inspector,High,92762.41,Preconstruction,Design Change,3
320,Deniseshire Bypass Project,2025-02-03,2025-02-17,Closed,Lane Closures,Term about career door who apply community rock through red inside call choose important trade produce create significant serve course collection.,False,14,Subcontractor,Medium,23305.86,Paving,Conflict Resolution,2
321,Cynthiatown Bypass Project,2025-04-10,2025-04-21,Open,Bridge Joint Design,Marriage should role drive listen impact cause budget fill mean baby free sound early reason beat rule school skin show create under stage institution.,True,11,Subcontractor,High,60673.57,Paving,Clarification,2
322,Granttown Bypass Project,2024-12-14,2024-12-27,Pending Review,Stormwater Drainage,Should they service discussion resource work let seven home let century world deep your maybe sure full opportunity medical animal this.,False,13,Subcontractor,Medium,37238.85,Paving,Material Substitution,5
323,West Jenniferfurt Bypass Project,2025-02-25,2025-03-09,Open,Traffic Signage,Heavy professor rise down feel administration near no phone knowledge forward dinner court evidence have month education occur final then middle during despite.,True,12,General Contractor,Medium,20037.57,Inspection,Clarification,4
324,Port Michaelview Bypass Project,2025-03-06,2025-03-14,Pending Review,Soil Compaction,Camera door significant media experience artist cut hear company according good board amount process myself.,True,8,Subcontractor,High,130733.25,Excavation,Clarification,3
325,Mitchellberg Bypass Project,2025-01-01,2025-01-10,Closed,Bridge Joint Design,Great score write room since method mother believe here organization answer involve season use through live before official commercial third than while agree hear.,False,9,Civil Engineer,Low,8219.09,Paving,Material Substitution,3
326,South Pamela Bypass Project,2024-11-24,2024-12-08,Answered,Pavement Materials,Know seat suggest beyond gas security each effort best wonder tough almost yes itself or professional fine yourself sport huge sit discover specific owner.,False,14,Civil Engineer,Medium,15532.36,Excavation,Material Substitution,4
327,Fuentesview Bypass Project,2025-03-10,2025-03-13,Closed,Pavement Materials,Be will recent every of alone adult strong ability cultural.,True,3,General Contractor,Medium,29025.84,Paving,Conflict Resolution,3
328,Katherineside Bypass Project,2024-11-03,2024-11-10,Pending Review,Bridge Joint Design,Room happy would whether safe report then base until call edge live only cut trade.,False,7,DOT Inspector,Medium,44699.19,Preconstruction,Clarification,3
329,Lake Robertton Bypass Project,2025-04-01,2025-04-25,Pending Review,Traffic Signage,Nor thank early side garden coach ability wear data ask save century similar around off sound girl when central.,True,24,Subcontractor,Medium,13814.55,Excavation,Clarification,4
330,Berrychester Bypass Project,2024-11-20,2024-11-28,Answered,Lane Closures,By it five attorney whose church everyone analysis book executive red see relate during enter happen write sometimes space family as involve.,False,8,Subcontractor,Low,4716.66,Paving,Conflict Resolution,2
331,New Blakeburgh Bypass Project,2025-01-24,2025-02-06,Closed,Utility Relocation,Building lawyer six establish both thing group thing ball employee resource research technology feeling fly travel edge company finish away none land rich.,True,13,General Contractor,Medium,27487.5,Preconstruction,Material Substitution,5
332,Allenmouth Bypass Project,2025-02-19,2025-02-28,Answered,Stormwater Drainage,Method treatment position follow also need score hundred wish later hold alone all event cup mission wide follow someone return full.,True,9,Subcontractor,Medium,41022.54,Preconstruction,Design Change,5
333,Shahberg Bypass Project,2024-12-30,2025-01-16,Answered,Soil Compaction,Budget she a peace statement sometimes enough buy relationship wonder prove tonight road point culture not morning chance behind bed television election rule.,True,17,Subcontractor,High,51697.0,Paving,Material Substitution,2
334,Joanneport Bypass Project,2025-03-26,2025-04-15,Closed,Stormwater Drainage,Guy people industry property weight truth employee whose season management service.,False,20,DOT Inspector,Medium,18804.39,Paving,Clarification,4
335,Michelleborough Bypass Project,2024-12-13,2025-01-05,Answered,Road Grading,Rate indeed build white listen various too picture thus try school color half present give position will.,True,23,Subcontractor,Low,7131.93,Paving,Conflict Resolution,4
336,New Jenniferview Bypass Project,2025-03-31,2025-04-16,Closed,Soil Compaction,Person message relationship respond to everything behavior program clearly common major again remember far road energy exactly police perform note.,True,16,General Contractor,Medium,33569.84,Excavation,Clarification,4
337,Brianberg Bypass Project,2024-11-14,2024-11-24,Closed,Stormwater Drainage,Matter happen example strong garden it prove suddenly visit shoulder one develop.,False,10,Civil Engineer,Medium,33471.13,Inspection,Conflict Resolution,2
338,South Mark Bypass Project,2025-03-02,2025-03-27,Answered,Guardrail Placement,Hit begin laugh money throughout meeting few lay could allow perhaps hand can fact never crime specific born spring paper industry college cultural.,True,25,Civil Engineer,Medium,24453.1,Paving,Material Substitution,2
339,East Steven Bypass Project,2024-12-25,2025-01-06,Answered,Road Grading,Consumer get west billion when until environmental moment room worry between staff current president chair film art sort environment mention large.,False,12,Subcontractor,Medium,35436.14,Excavation,Clarification,3
340,South Tanyaborough Bypass Project,2025-01-26,2025-01-31,Pending Review,Soil Compaction,Book white score nearly serious act whether economic natural open throw free.,False,5,DOT Inspector,Low,4458.96,Excavation,Material Substitution,2
341,Morrisonview Bypass Project,2025-01-28,2025-02-20,Closed,Traffic Signage,Camera less song industry civil anything song stage trouble if return else friend never north spring minute walk ground finally ever such.,True,23,DOT Inspector,Medium,28860.79,Excavation,Clarification,3
342,Lisaview Bypass Project,2025-01-10,2025-01-30,Pending Review,Guardrail Placement,Happen glass industry person upon why knowledge four wait often laugh then Mrs agreement produce stuff girl her blue determine likely show maybe begin on.,False,20,General Contractor,Low,8668.45,Preconstruction,Material Substitution,4
343,West Matthewchester Bypass Project,2025-01-29,2025-02-04,Pending Review,Lane Closures,Establish picture gun later however edge can ball single with defense need draw fill why day side along during its light can.,True,6,DOT Inspector,Low,4607.5,Paving,Clarification,4
344,North Sharon Bypass Project,2025-02-11,2025-02-24,Pending Review,Soil Compaction,Upon way join young early expert a outside capital space above article forward responsibility so.,False,13,Subcontractor,Low,1205.45,Paving,Conflict Resolution,3
345,Port Heidi Bypass Project,2025-02-12,2025-03-03,Closed,Pavement Materials,Shake family most range attorney lead part pass group quite fast mouth experience last to to radio.,False,19,General Contractor,Low,1423.44,Inspection,Design Change,3
346,Lake Alexis Bypass Project,2024-11-27,2024-12-19,Answered,Pavement Materials,Bit direction difficult Democrat program under compare hotel notice here themselves challenge plan behavior save strategy truth.,True,22,DOT Inspector,Medium,39459.64,Inspection,Design Change,5
347,Port Michelleberg Bypass Project,2025-04-07,2025-04-13,Closed,Soil Compaction,National gas must agent more fall whatever so fill risk son oil born meeting meeting risk PM green real could.,False,6,General Contractor,Low,8560.12,Paving,Conflict Resolution,2
348,Jamesland Bypass Project,2025-04-11,2025-05-07,Pending Review,Bridge Joint Design,Production impact word issue also between cause send development source.,False,26,General Contractor,Low,8213.64,Paving,Conflict Resolution,4
349,Brownberg Bypass Project,2025-02-25,2025-03-05,Answered,Guardrail Placement,Able beyond protect speech well history race always tree nature upon year administration.,True,8,DOT Inspector,Medium,31236.25,Inspection,Material Substitution,2
350,Adamsborough Bypass Project,2025-01-29,2025-02-07,Pending Review,Lane Closures,Who build court pattern morning entire little popular itself beyond trip front particular loss.,True,9,Civil Engineer,Medium,15800.37,Excavation,Design Change,5
351,Lake Alexis Bypass Project,2025-01-30,2025-02-21,Closed,Soil Compaction,Mean with despite whom paper collection senior vote state artist many cup discussion sport central letter statement unit similar cup way order official same.,False,22,Subcontractor,Medium,36574.03,Excavation,Conflict Resolution,2
352,Port Alexander Bypass Project,2024-12-12,2024-12-19,Open,Traffic Signage,Garden live seem just often successful bag unit magazine meet write.,True,7,General Contractor,High,101802.61,Excavation,Conflict Resolution,3
353,East Caitlinland Bypass Project,2024-11-16,2024-11-27,Pending Review,Road Grading,If five yard family major nation point fund smile her fall sea assume evidence ball religious feeling executive decade herself land card care.,True,11,Subcontractor,High,68422.29,Inspection,Clarification,4
354,Reedshire Bypass Project,2024-11-27,2024-12-25,Answered,Utility Relocation,Work task Democrat opportunity training mind happy PM send shake single community Republican finally ten stand.,False,28,Civil Engineer,Low,2282.61,Preconstruction,Conflict Resolution,3
355,Karenbury Bypass Project,2025-03-30,2025-04-20,Closed,Traffic Signage,Doctor key nothing public important garden culture best fall admit interest.,True,21,General Contractor,Low,7033.57,Inspection,Material Substitution,4
356,Port Suzanne Bypass Project,2025-01-06,2025-01-22,Answered,Lane Closures,Quality anyone news policy example president boy road close your family.,True,16,General Contractor,Low,4884.31,Excavation,Material Substitution,5
357,East Frankfort Bypass Project,2025-04-14,2025-05-14,Pending Review,Utility Relocation,Within act present commercial our positive near part own ever catch stock price imagine thing property letter.,False,30,General Contractor,Medium,19999.74,Preconstruction,Design Change,4
358,Smithberg Bypass Project,2024-12-08,2024-12-30,Answered,Guardrail Placement,Fall base water employee live reflect or fact near movement suddenly pretty must side add water computer design food activity nor method sing.,True,22,General Contractor,Medium,26635.29,Paving,Clarification,4
359,North Jenniferton Bypass Project,2025-04-02,2025-04-26,Closed,Guardrail Placement,Director town require produce radio cold race entire send dinner wind can.,True,24,General Contractor,Medium,40522.86,Inspection,Design Change,5
360,Lake Tiffany Bypass Project,2025-02-01,2025-02-18,Open,Guardrail Placement,City but property thank step reality suggest gun guy speak second modern now administration fire article someone establish window apply movie.,True,17,Civil Engineer,Low,7121.26,Paving,Clarification,4
361,Sarahberg Bypass Project,2024-11-03,2024-11-20,Answered,Road Grading,Research full hard work door throughout image address establish with.,True,17,General Contractor,High,105126.12,Paving,Clarification,2
362,Port Lisa Bypass Project,2025-02-18,2025-03-15,Answered,Soil Compaction,Goal address agent herself respond agreement support nor move example treatment accept green available training trial ten color process federal argue attack could.,False,25,DOT Inspector,Low,1853.13,Excavation,Clarification,3
363,South Jesusmouth Bypass Project,2025-01-13,2025-02-05,Pending Review,Utility Relocation,Soldier choice impact travel fight mission author question court term feel almost describe certainly wall business prevent mother people character when consider represent.,False,23,Civil Engineer,Medium,30181.86,Paving,Material Substitution,4
364,Novakfort Bypass Project,2024-11-14,2024-11-27,Pending Review,Stormwater Drainage,Growth effort people lose high ground administration wrong response discover build shake assume interesting become to often important animal.,True,13,DOT Inspector,Medium,40782.81,Inspection,Clarification,2
365,New Jennifer Bypass Project,2024-11-11,2024-11-25,Pending Review,Lane Closures,Door attack teacher hospital myself art yeah Republican suffer could defense morning me gun his toward city treatment.,False,14,DOT Inspector,Low,2122.82,Paving,Clarification,3
366,Benjaminshire Bypass Project,2024-12-08,2024-12-21,Closed,Soil Compaction,Inside serve country hand head world your law hot billion work city attack less card.,True,13,Civil Engineer,High,78994.69,Excavation,Material Substitution,2
367,Randallbury Bypass Project,2025-02-16,2025-03-04,Pending Review,Road Grading,To town throughout whom than perhaps partner already father you.,True,16,Subcontractor,Medium,40938.69,Paving,Material Substitution,4
368,West Jeffrey Bypass Project,2024-11-09,2024-11-28,Open,Utility Relocation,Result course give must near do another well the particular available imagine newspaper today station toward always eight author start for public book.,True,19,General Contractor,Medium,44338.03,Excavation,Conflict Resolution,4
369,Pruittbury Bypass Project,2024-11-22,2024-12-02,Open,Pavement Materials,Structure test quality light set serious professor bill view almost society provide new positive middle investment what strategy at suffer.,False,10,General Contractor,Medium,35564.38,Paving,Conflict Resolution,5
370,South Cynthia Bypass Project,2025-04-14,2025-05-03,Pending Review,Stormwater Drainage,Central back mission college myself among event of join music ability ever push identify century black owner choice sound.,True,19,DOT Inspector,Low,5019.91,Preconstruction,Design Change,5
371,South Seanstad Bypass Project,2025-03-21,2025-04-04,Answered,Traffic Signage,Foreign person compare per trade especially store budget boy street say.,True,14,General Contractor,Medium,44204.29,Paving,Material Substitution,5
372,South Briana Bypass Project,2024-11-26,2024-12-12,Open,Pavement Materials,Long chance finish power where bag range next accept stand watch run five effect air medical sort military wish cell share give.,False,16,Subcontractor,Low,5817.48,Preconstruction,Clarification,5
373,Port Tonyberg Bypass Project,2025-03-31,2025-04-04,Answered,Lane Closures,Center then maintain analysis draw central poor outside hard within special look laugh much music cultural oil affect six.,True,4,Subcontractor,High,142902.15,Excavation,Design Change,2
374,Romeroland Bypass Project,2024-11-03,2024-11-07,Open,Utility Relocation,Determine table sister at range fast article who special big big suddenly.,True,4,DOT Inspector,High,113467.87,Inspection,Clarification,3
375,North Andrew Bypass Project,2025-01-15,2025-02-10,Closed,Bridge Joint Design,Less least them number successful really sort capital ok my bed structure table another begin deep light realize hair.,False,26,Subcontractor,Medium,34521.15,Excavation,Clarification,4
376,West Paulbury Bypass Project,2024-12-27,2025-01-15,Pending Review,Guardrail Placement,Hold scene recent trial sport well rule mouth skin listen late value grow American get race task ago thus song politics she in off ok.,False,19,Subcontractor,Low,7969.75,Inspection,Conflict Resolution,2
377,North Cassandraside Bypass Project,2024-11-22,2024-12-22,Answered,Soil Compaction,Group attorney describe raise throw number prove until those line trade campaign toward kind thought else face thank indicate tax from prove.,True,30,General Contractor,Medium,34532.4,Excavation,Material Substitution,2
378,West Christopherville Bypass Project,2025-03-23,2025-04-20,Pending Review,Lane Closures,Article fact personal sit everyone news professor money mouth outside sister rich feeling ever most spring.,True,28,General Contractor,Medium,37378.92,Preconstruction,Conflict Resolution,4
379,East Kathleen Bypass Project,2025-03-01,2025-03-10,Open,Utility Relocation,Officer election see every though would may case commercial build office leave move help smile quickly least who sport born fly.,False,9,DOT Inspector,Medium,15989.31,Inspection,Material Substitution,4
380,North Sherry Bypass Project,2024-11-24,2024-12-02,Answered,Soil Compaction,Clearly skin such medical resource necessary out turn challenge agree.,True,8,Subcontractor,High,163360.13,Preconstruction,Clarification,3
381,Michaelfort Bypass Project,2025-04-14,2025-05-14,Open,Lane Closures,Simply appear spend state concern represent exactly executive yet glass stand politics word policy any either blue sometimes little group house gas partner loss home.,True,30,Subcontractor,Medium,24608.98,Paving,Material Substitution,3
382,West Leslieland Bypass Project,2024-12-31,2025-01-12,Open,Traffic Signage,Both citizen politics hair move involve theory wife culture Mrs among.,False,12,Civil Engineer,Low,2169.4,Inspection,Design Change,5
383,East Jennifermouth Bypass Project,2024-11-22,2024-11-28,Answered,Utility Relocation,Black discuss man those of into unit head clearly second or kind heavy buy north the important north about across reach.,False,6,General Contractor,Low,7530.07,Preconstruction,Clarification,2
384,Weissbury Bypass Project,2025-02-24,2025-03-25,Open,Stormwater Drainage,Room hope party growth try one head visit company industry effort grow visit school religious baby.,False,29,DOT Inspector,Medium,25098.0,Inspection,Clarification,2
385,Lake Michael Bypass Project,2025-02-10,2025-02-23,Open,Lane Closures,Movie center least manage kind federal send already magazine election blue guy area also act station truth economy lay eye coach clear soldier particular like.,True,13,Subcontractor,High,110054.85,Paving,Design Change,3
386,Stevenstown Bypass Project,2024-11-25,2024-12-10,Closed,Road Grading,Something get assume huge partner enjoy medical continue agency girl keep argue full out item.,False,15,Subcontractor,Low,6057.25,Excavation,Conflict Resolution,5
387,Edwardsstad Bypass Project,2025-01-18,2025-02-11,Open,Guardrail Placement,Future eight you chance simple accept clear book she find more environmental few part carry sea no board detail catch whom top for.,False,24,Civil Engineer,Low,3829.4,Paving,Material Substitution,4
388,East Edwardmouth Bypass Project,2024-12-03,2024-12-07,Closed,Traffic Signage,Seem edge challenge bit near character listen another alone speak trouble follow away head medical child could management write.,False,4,General Contractor,High,88409.88,Excavation,Design Change,2
389,Andreafort Bypass Project,2025-02-16,2025-03-07,Closed,Stormwater Drainage,Discover up message move trip law sister follow fish person which truth such sit hit firm either technology degree day side explain build.,True,19,DOT Inspector,Low,8505.06,Inspection,Conflict Resolution,4
390,Pettyburgh Bypass Project,2024-12-13,2025-01-11,Open,Soil Compaction,Task option traditional hot key model ground which war past line lay however involve soldier see suddenly public you pattern floor company democratic task.,False,29,General Contractor,Low,1989.29,Excavation,Material Substitution,3
391,Glennshire Bypass Project,2024-11-04,2024-11-12,Open,Bridge Joint Design,Response magazine few why girl shoulder short behind of stock heavy enjoy.,True,8,Civil Engineer,Medium,40891.04,Excavation,Design Change,5
392,Orozcotown Bypass Project,2024-12-17,2024-12-24,Closed,Stormwater Drainage,Prevent letter family worry woman between possible public remember top reveal report blood involve mean determine easy plan.,True,7,DOT Inspector,Medium,27154.6,Paving,Material Substitution,3
393,Lake Josephchester Bypass Project,2024-12-27,2025-01-04,Open,Road Grading,Soon community stuff bank become former law across computer difficult everything ever write education true college music address still own main suddenly.,True,8,General Contractor,Medium,45151.52,Inspection,Design Change,4
394,Aprilland Bypass Project,2025-02-21,2025-03-09,Answered,Soil Compaction,Common with test employee candidate say wife management including green support indicate wall prepare.,True,16,Subcontractor,High,176553.72,Paving,Design Change,3
395,Longburgh Bypass Project,2024-12-04,2024-12-07,Open,Pavement Materials,Ahead month gas imagine same year enter drop general page claim machine sometimes occur beat.,False,3,DOT Inspector,Low,4175.23,Inspection,Conflict Resolution,5
396,South Richardmouth Bypass Project,2025-01-13,2025-02-02,Pending Review,Soil Compaction,Prevent that hear response much degree reality bag education wrong government factor modern continue six pull short recently really.,True,20,Civil Engineer,Medium,15253.79,Excavation,Conflict Resolution,3
397,Robinsonshire Bypass Project,2025-03-05,2025-03-19,Closed,Stormwater Drainage,Deep page class list man board final themselves family off kid true expert role cell compare policy long.,False,14,Civil Engineer,Low,8781.66,Paving,Design Change,5
398,East Todd Bypass Project,2024-12-24,2025-01-13,Open,Traffic Signage,Music teach room show with as much stock old carry science wind radio protect key yourself information line table grow peace blue white catch.,True,20,Civil Engineer,Low,5456.42,Paving,Conflict Resolution,3
399,Meganstad Bypass Project,2025-02-15,2025-02-19,Pending Review,Traffic Signage,Build maybe better short sometimes drop industry fight very meeting gun professor benefit main anyone central southern.,False,4,Subcontractor,Low,4015.73,Preconstruction,Conflict Resolution,5
400,Vaughantown Bypass Project,2024-11-14,2024-12-10,Open,Road Grading,Force worker without break strong product approach program machine hard land morning consider enjoy move amount concern many trip into require chance voice American maintain.,False,26,General Contractor,Low,8594.89,Preconstruction,Conflict Resolution,3
401,Lake Cheyenne Bypass Project,2025-01-13,2025-02-10,Pending Review,Utility Relocation,Job near move marriage beat recognize word before reason sure research teach measure scientist speech explain perhaps head mouth article.,True,28,Civil Engineer,Medium,11606.17,Paving,Clarification,4
402,Matthewborough Bypass Project,2025-03-10,2025-04-03,Open,Road Grading,Catch standard option economy case senior officer final lawyer administration beyond big happen value several century one leg mention contain animal car through education.,False,24,DOT Inspector,Medium,48477.29,Preconstruction,Material Substitution,5
403,Port Josefort Bypass Project,2025-03-26,2025-03-29,Open,Bridge Joint Design,Senior specific prove hold little board weight through reduce push yet town general trouble next stuff.,True,3,Subcontractor,High,98202.23,Excavation,Material Substitution,5
404,Mercadochester Bypass Project,2024-12-02,2024-12-16,Closed,Road Grading,Population that street design tree beat clear phone happen low role upon huge sound.,True,14,Civil Engineer,Medium,14305.63,Preconstruction,Clarification,2
405,South Eric Bypass Project,2024-11-26,2024-12-08,Open,Traffic Signage,Us people few from rise service accept image could week son become western head.,False,12,Civil Engineer,Low,3064.65,Preconstruction,Clarification,2
406,North Katherineberg Bypass Project,2025-04-01,2025-04-28,Pending Review,Lane Closures,Mother plant Democrat sea need within pretty maybe blue American.,True,27,Civil Engineer,High,148402.83,Inspection,Design Change,2
407,Potterburgh Bypass Project,2025-03-10,2025-04-05,Open,Lane Closures,Consumer onto suddenly state technology city these little while condition into office various important must when none their almost could the.,False,26,General Contractor,High,92272.32,Preconstruction,Conflict Resolution,2
408,Rachelland Bypass Project,2025-02-25,2025-03-19,Open,Utility Relocation,Outside might store modern marriage community exist wife size relate movement read financial when nearly although style know finally especially green.,True,22,Civil Engineer,High,141393.4,Excavation,Material Substitution,4
409,Angelaport Bypass Project,2025-04-12,2025-05-07,Closed,Stormwater Drainage,Republican child meeting huge election policy about question quite huge debate open.,False,25,DOT Inspector,Medium,13302.24,Inspection,Clarification,5
410,Lake Robyn Bypass Project,2024-11-18,2024-11-30,Open,Utility Relocation,Can fish easy summer process relationship drug although pretty ability upon black popular share first mission group woman institution arrive issue cell.,False,12,Subcontractor,Low,1830.69,Paving,Design Change,3
411,North Arthur Bypass Project,2025-04-03,2025-04-16,Answered,Pavement Materials,Art full since control they any scientist then assume art develop dream Mr American hear.,False,13,Civil Engineer,Low,7604.52,Excavation,Material Substitution,2
412,Jessicafort Bypass Project,2024-11-30,2024-12-21,Pending Review,Road Grading,Institution positive too three here about simple assume upon do trade serve environment their crime suggest management economic treat common stock matter.,True,21,DOT Inspector,High,116526.84,Preconstruction,Design Change,4
413,Wilsonchester Bypass Project,2025-04-05,2025-05-05,Answered,Road Grading,Result within city strong place talk value major choice here can security control begin more experience purpose several.,True,30,DOT Inspector,Low,6549.93,Paving,Design Change,4
414,Brandonland Bypass Project,2024-11-10,2024-12-09,Closed,Pavement Materials,Value throw fall material until news chance couple simple he week idea reason occur between left how almost important difficult growth.,True,29,Civil Engineer,High,116763.68,Excavation,Material Substitution,4
415,South Robert Bypass Project,2025-03-14,2025-04-07,Open,Road Grading,Magazine necessary boy church set poor how never anyone short remain finally.,True,24,DOT Inspector,High,163604.19,Inspection,Design Change,4
416,North Margaret Bypass Project,2024-12-19,2024-12-25,Pending Review,Stormwater Drainage,Beautiful information trade nature bag board one cover soldier true lot than can quality leg ago interesting still cover still method day clear.,False,6,General Contractor,Low,4474.43,Preconstruction,Material Substitution,5
417,Port Shelly Bypass Project,2024-12-31,2025-01-15,Open,Road Grading,Rate late alone early matter yard wrong movie agent high great total important smile.,False,15,DOT Inspector,Medium,38514.82,Excavation,Design Change,4
418,East Kathleen Bypass Project,2024-12-04,2024-12-18,Pending Review,Pavement Materials,Drop probably agree accept financial professor total professor course someone case care ask quickly.,True,14,Subcontractor,High,176863.21,Paving,Material Substitution,3
419,Shannonville Bypass Project,2024-11-09,2024-12-05,Pending Review,Traffic Signage,Safe eight common page peace those consider he newspaper station you answer American responsibility Congress after blue mouth successful effort response.,False,26,General Contractor,Medium,27047.86,Preconstruction,Design Change,3
420,Port Trevorhaven Bypass Project,2025-03-12,2025-04-02,Closed,Utility Relocation,Good management whether response say the company heavy avoid seem marriage need together.,False,21,Civil Engineer,Low,7566.58,Preconstruction,Conflict Resolution,5
421,Billybury Bypass Project,2025-01-23,2025-02-20,Pending Review,Traffic Signage,They government open do past contain sell doctor suffer others.,True,28,General Contractor,Medium,12875.36,Inspection,Material Substitution,4
422,Christopherhaven Bypass Project,2025-03-25,2025-04-11,Closed,Road Grading,Up subject mission room gun peace education fire cover state.,True,17,Civil Engineer,High,134619.2,Paving,Clarification,3
423,Juliamouth Bypass Project,2025-03-18,2025-04-17,Answered,Guardrail Placement,Woman course say camera enter entire tend will start almost have save everything star writer something read majority southern.,False,30,Subcontractor,Low,5654.93,Inspection,Design Change,3
424,Maureenview Bypass Project,2024-11-05,2024-11-21,Open,Bridge Joint Design,Another important view election reason act south national something play less finally spring bank say teacher.,True,16,Subcontractor,High,132767.47,Preconstruction,Material Substitution,4
425,East Eric Bypass Project,2024-11-09,2024-12-09,Open,Bridge Joint Design,Pretty laugh during herself just movie theory himself attention so leg pull service nation quite process vote tax.,True,30,Civil Engineer,Medium,27152.75,Inspection,Clarification,2
426,Lake Melanieside Bypass Project,2025-03-05,2025-03-29,Pending Review,Pavement Materials,Identify task happy admit reflect relate give beyond population sure lose system recent sit fast beat identify to share fact ball every organization.,False,24,Subcontractor,Low,4121.51,Inspection,Clarification,2
427,West Scottborough Bypass Project,2024-12-17,2024-12-28,Open,Stormwater Drainage,Stop Congress budget value try allow myself ago enough degree American sure ten new should still.,True,11,General Contractor,Medium,18688.52,Inspection,Design Change,5
428,Deanport Bypass Project,2025-02-23,2025-03-04,Pending Review,Guardrail Placement,The remember section situation could contain response large level positive sea.,False,9,Civil Engineer,Medium,33020.23,Paving,Clarification,3
429,Kevinshire Bypass Project,2025-04-13,2025-04-16,Pending Review,Road Grading,Majority according on establish beautiful size not care two business friend summer hot experience care audience.,False,3,General Contractor,Medium,41703.51,Preconstruction,Material Substitution,2
430,Port Davidland Bypass Project,2024-11-15,2024-11-25,Closed,Bridge Joint Design,Return food check successful generation news market media population compare through agreement third ball heart already a religious authority film of.,False,10,Subcontractor,Medium,35123.87,Paving,Conflict Resolution,2
431,Bakermouth Bypass Project,2025-03-07,2025-04-05,Pending Review,Stormwater Drainage,Main theory through should authority push trade service back half cell by direction trade president report wonder mind return perhaps need station give situation.,True,29,Subcontractor,High,174211.14,Inspection,Design Change,5
432,Taylorchester Bypass Project,2025-01-22,2025-01-25,Closed,Utility Relocation,College defense national fire former again school condition quickly his score really somebody of.,False,3,Civil Engineer,High,187069.42,Paving,Clarification,3
433,North Priscilla Bypass Project,2025-04-07,2025-04-24,Answered,Pavement Materials,Call condition and see message shoulder bag nation real democratic language pull network resource meet impact whose story night great firm central value shake read.,False,17,Civil Engineer,Low,7029.27,Preconstruction,Material Substitution,3
434,Port Christopher Bypass Project,2025-04-11,2025-05-01,Pending Review,Pavement Materials,Environment perform approach white every arm address wind really issue box between thank since world those country who risk too street also.,False,20,Subcontractor,Low,4651.29,Preconstruction,Conflict Resolution,2
435,Aprilview Bypass Project,2025-02-04,2025-02-23,Answered,Stormwater Drainage,Test feeling recognize environment check fear man each mouth work performance recently until national clearly most.,True,19,General Contractor,Medium,49140.16,Paving,Clarification,2
436,North Jackshire Bypass Project,2024-12-14,2024-12-25,Closed,Stormwater Drainage,Congress fall structure certain professional item toward politics seven most really.,True,11,DOT Inspector,High,130525.4,Paving,Clarification,2
437,East Stephanie Bypass Project,2025-01-21,2025-02-02,Answered,Pavement Materials,Much form perhaps note theory mind water hear daughter reach goal different task charge.,False,12,General Contractor,Low,3705.79,Inspection,Design Change,5
438,Barrettland Bypass Project,2025-01-31,2025-02-05,Pending Review,Guardrail Placement,Travel about day without TV long experience leave deep direction yourself message read cut reach live.,False,5,General Contractor,Medium,44259.7,Excavation,Design Change,2
439,Russellburgh Bypass Project,2024-12-09,2025-01-07,Closed,Bridge Joint Design,Wife home wife cultural moment college answer air Republican practice throw leave news radio join how throughout.,True,29,DOT Inspector,Low,8141.16,Paving,Design Change,3
440,Ritterland Bypass Project,2025-01-17,2025-02-09,Answered,Stormwater Drainage,Require page put before then both partner political team current help determine me fact herself ever ever.,True,23,Subcontractor,Low,5527.93,Inspection,Clarification,5
441,South Jamesfurt Bypass Project,2024-12-20,2025-01-11,Pending Review,Stormwater Drainage,Service together me current sing goal stage focus must also list say southern indicate second church organization special wind hot amount nice.,True,22,DOT Inspector,Medium,13183.41,Preconstruction,Design Change,4
442,Lake Bradleyburgh Bypass Project,2025-01-02,2025-01-14,Open,Soil Compaction,Increase everyone beyond interesting provide whether executive model east laugh continue law assume dinner hear themselves many certainly court fight.,False,12,Subcontractor,Medium,30662.48,Paving,Design Change,3
443,Port Kathleenmouth Bypass Project,2024-12-08,2024-12-18,Pending Review,Soil Compaction,Director add situation much else like much throughout country wear sit factor city season fear never reach brother save.,True,10,DOT Inspector,Low,6501.44,Inspection,Material Substitution,3
444,North Gregorymouth Bypass Project,2024-12-02,2024-12-29,Pending Review,Utility Relocation,Figure believe respond truth get push behavior course with information experience note.,True,27,DOT Inspector,Low,2110.26,Excavation,Design Change,2
445,Peterview Bypass Project,2025-03-11,2025-03-26,Open,Lane Closures,Prevent interview affect worry executive move box view ball when kind how whatever they enough onto poor wonder.,False,15,General Contractor,Medium,44912.79,Paving,Clarification,3
446,Farmerbury Bypass Project,2024-11-16,2024-11-28,Answered,Road Grading,Will sister air site risk over break natural position source wonder final lot east.,True,12,Civil Engineer,Medium,13105.41,Inspection,Conflict Resolution,5
447,New William Bypass Project,2024-12-12,2024-12-15,Closed,Soil Compaction,Morning budget strategy top reality against he maintain color own action place quite career.,False,3,Subcontractor,Medium,33900.56,Excavation,Design Change,2
448,Lake Jenniferfort Bypass Project,2025-02-09,2025-03-03,Answered,Pavement Materials,Mr bring good letter space own each allow year employee large crime health suggest floor spring someone score cell American.,True,22,Civil Engineer,Low,7748.5,Inspection,Material Substitution,5
449,Maryborough Bypass Project,2025-02-27,2025-03-26,Closed,Stormwater Drainage,Side thing show think key because throughout exactly race nor share.,True,27,Civil Engineer,High,160257.17,Preconstruction,Conflict Resolution,5
450,Lake Stephanie Bypass Project,2025-01-07,2025-01-11,Closed,Traffic Signage,Research level everything next meet full age heavy including between imagine next majority sound he catch put fly degree.,False,4,DOT Inspector,Medium,25555.32,Preconstruction,Clarification,3
451,New Tiffanyville Bypass Project,2025-01-26,2025-02-20,Answered,Traffic Signage,Establish family summer or agent item summer space daughter because them no southern nature teach but relationship opportunity hold.,True,25,Civil Engineer,Medium,36098.56,Excavation,Design Change,3
452,Kristenfurt Bypass Project,2024-11-30,2024-12-18,Open,Lane Closures,Minute strategy my write skill blue need trade realize future above others white character conference together return market program real new force student create main.,False,18,Civil Engineer,Medium,49359.91,Inspection,Clarification,5
453,East Ronald Bypass Project,2025-02-25,2025-03-13,Pending Review,Traffic Signage,If class want indeed soon talk strong exist fast say door traditional that camera determine blue book box whatever fall next six buy interesting watch.,False,16,Civil Engineer,Low,7635.68,Excavation,Design Change,2
454,Christopherfort Bypass Project,2024-11-12,2024-12-10,Open,Stormwater Drainage,Alone step summer often woman artist ahead style fall finish fall front break maybe still current.,True,28,DOT Inspector,Medium,17058.93,Inspection,Material Substitution,2
455,East Morganport Bypass Project,2025-03-21,2025-04-14,Answered,Traffic Signage,Put speak sit box information century series effect finish here fear.,True,24,Civil Engineer,High,84908.61,Inspection,Clarification,2
456,Montgomeryfort Bypass Project,2024-11-09,2024-12-04,Closed,Road Grading,Agent hair western fast try should see huge job down only hot vote bank because can three boy create left tough loss response never.,True,25,Civil Engineer,High,85541.47,Paving,Conflict Resolution,2
457,West Melissa Bypass Project,2024-11-07,2024-11-26,Answered,Pavement Materials,Career fish could both meet anything easy fly total race billion summer kitchen of rate perhaps foot.,True,19,Subcontractor,High,175041.29,Inspection,Clarification,5
458,West Parkerhaven Bypass Project,2025-03-09,2025-04-07,Open,Stormwater Drainage,Actually painting ok write approach marriage whole green point best more reflect away wind hear perform allow single.,True,29,Subcontractor,High,85768.36,Paving,Material Substitution,3
459,Burchport Bypass Project,2025-03-12,2025-03-16,Pending Review,Lane Closures,Bank tonight hotel get past usually player order politics decision.,True,4,Subcontractor,High,181100.92,Paving,Clarification,4
460,Hornefurt Bypass Project,2024-11-09,2024-11-28,Pending Review,Utility Relocation,Business we western among put region prepare yeah place contain go leader ago fish thing thought if himself at method wall then.,True,19,DOT Inspector,Medium,32622.8,Paving,Clarification,2
461,New Claire Bypass Project,2024-11-26,2024-11-30,Open,Utility Relocation,Already democratic reduce successful couple my area ahead agency happen certainly.,True,4,Civil Engineer,Medium,32084.44,Excavation,Clarification,3
462,Grahamland Bypass Project,2025-03-09,2025-03-30,Closed,Lane Closures,Everything she Mrs than hear politics read eat audience itself easy matter maybe similar.,True,21,DOT Inspector,Low,9414.95,Paving,Conflict Resolution,4
463,Rebeccaberg Bypass Project,2025-01-28,2025-02-18,Open,Guardrail Placement,Opportunity them huge recently audience ball think food list along minute laugh this near never outside hundred it miss money six street policy direction.,False,21,DOT Inspector,Low,7654.98,Preconstruction,Material Substitution,5
464,East Lawrence Bypass Project,2024-11-23,2024-12-09,Answered,Bridge Joint Design,Century later may much among and anything enjoy task citizen work meeting watch expect.,True,16,Subcontractor,Medium,39232.47,Paving,Design Change,5
465,Randystad Bypass Project,2025-01-14,2025-01-18,Answered,Stormwater Drainage,Option two ok whose stay think chair miss physical see choice perform three agree.,False,4,DOT Inspector,Medium,19769.54,Paving,Design Change,4
466,West Alexis Bypass Project,2025-01-09,2025-01-14,Pending Review,Soil Compaction,High imagine father beat him not study mean determine force hundred under environment.,True,5,DOT Inspector,Medium,49377.68,Inspection,Material Substitution,3
467,Smithchester Bypass Project,2025-03-09,2025-03-22,Open,Guardrail Placement,Style old thank upon half wear director close music use dream figure team man decision letter sometimes determine anyone finish team film run.,True,13,General Contractor,High,181547.54,Excavation,Clarification,5
468,West Michael Bypass Project,2025-04-13,2025-05-08,Open,Road Grading,Her account step space successful local threat right never population candidate.,False,25,General Contractor,Medium,19653.19,Preconstruction,Conflict Resolution,2
469,Lake Teresa Bypass Project,2025-03-30,2025-04-04,Answered,Guardrail Placement,Another management experience often view option series up century itself after must citizen them number two care.,True,5,General Contractor,Medium,43453.0,Excavation,Conflict Resolution,4
470,South Davidmouth Bypass Project,2025-03-01,2025-03-31,Answered,Traffic Signage,Create task lose class action organization follow realize rich identify travel hospital memory could everything certain marriage better democratic.,True,30,General Contractor,Medium,25144.03,Inspection,Design Change,3
471,Markstad Bypass Project,2025-03-13,2025-04-01,Closed,Soil Compaction,Every understand behind reflect open church table exactly item religious ago or become where senior prepare bed begin baby evidence.,True,19,General Contractor,Medium,11320.21,Preconstruction,Clarification,4
472,Andersonmouth Bypass Project,2025-01-15,2025-01-18,Closed,Road Grading,Seem board action thank identify college month discuss television behavior door hear third fear total.,True,3,Civil Engineer,High,79837.19,Inspection,Clarification,2
473,East Diana Bypass Project,2024-11-30,2024-12-04,Open,Guardrail Placement,Pay together within after allow trip want food end central type instead others treat report western seek institution current fish tell lay any.,True,4,Civil Engineer,Medium,16063.26,Excavation,Material Substitution,5
474,North Donnashire Bypass Project,2025-04-01,2025-04-26,Open,Lane Closures,Only group Congress century modern rock view write part member wind your career exist address fly team between.,True,25,Civil Engineer,Medium,16670.44,Preconstruction,Material Substitution,2
475,New Jameshaven Bypass Project,2024-12-12,2024-12-27,Pending Review,Soil Compaction,Coach pay head people treat season bit there third high south return now war argue remember possible very message step where.,False,15,Subcontractor,Low,8089.35,Paving,Conflict Resolution,4
476,Port Gary Bypass Project,2025-03-19,2025-03-26,Closed,Guardrail Placement,Glass carry imagine tough difficult manager sound far daughter imagine hospital change tax ask behavior successful always than city.,True,7,General Contractor,Medium,34884.59,Preconstruction,Conflict Resolution,2
477,New Stephaniehaven Bypass Project,2025-04-13,2025-04-24,Answered,Traffic Signage,Provide whole million meeting lead we future majority plant court eye power expert.,True,11,DOT Inspector,High,115389.87,Excavation,Conflict Resolution,2
478,East Steven Bypass Project,2025-01-26,2025-02-18,Closed,Traffic Signage,Population artist hear difference part explain rest nor country wind resource cover several as decade any maybe inside guy.,False,23,Civil Engineer,Low,7603.82,Excavation,Clarification,4
479,West Angelafort Bypass Project,2025-03-11,2025-04-09,Open,Road Grading,Subject increase on loss detail debate enjoy top degree majority common approach light.,True,29,DOT Inspector,High,176500.92,Paving,Clarification,5
480,Joefurt Bypass Project,2025-02-03,2025-02-12,Closed,Lane Closures,Trouble like raise she finally security add provide man exist century already wind animal media husband who why when.,False,9,DOT Inspector,Low,6031.22,Paving,Design Change,3
481,Morrismouth Bypass Project,2024-12-26,2025-01-03,Answered,Pavement Materials,Successful these education easy coach north air network partner subject cover kitchen.,True,8,Subcontractor,Medium,12345.86,Paving,Clarification,3
482,Gibsonville Bypass Project,2025-01-21,2025-01-27,Pending Review,Pavement Materials,Your different admit take particularly nearly production thought beat with even kind rest computer executive cold.,True,6,General Contractor,High,189535.57,Excavation,Conflict Resolution,2
483,North Benjaminfurt Bypass Project,2024-11-20,2024-12-19,Pending Review,Utility Relocation,Food situation inside operation this minute near check final company couple music everyone level professional team though need although remember turn.,False,29,Subcontractor,Medium,19770.88,Excavation,Material Substitution,3
484,Caldwellstad Bypass Project,2025-02-11,2025-02-24,Closed,Traffic Signage,Necessary administration his per college carry bag society car single none me cup executive fly service.,False,13,DOT Inspector,Medium,24639.35,Preconstruction,Design Change,5
485,East Shariburgh Bypass Project,2024-12-01,2024-12-17,Pending Review,Pavement Materials,Rest least write your interest particular three relate some compare ground dog.,True,16,Civil Engineer,High,117951.23,Excavation,Design Change,4
486,Camachoport Bypass Project,2024-11-21,2024-11-29,Closed,Utility Relocation,Physical decide themselves foot produce lay rate visit mention affect customer often article industry especially international method hundred this character then goal girl major.,True,8,DOT Inspector,Medium,16966.58,Preconstruction,Clarification,3
487,Castilloberg Bypass Project,2025-01-29,2025-02-10,Pending Review,Traffic Signage,Across the effect environment at push to cause blood audience news far prepare then quality hear action turn tell.,True,12,General Contractor,High,103117.41,Excavation,Clarification,5
488,Aaronmouth Bypass Project,2025-04-07,2025-04-16,Pending Review,Stormwater Drainage,Close whole various by range least task fast on catch technology long treatment because energy interesting miss.,False,9,General Contractor,Low,9927.64,Preconstruction,Material Substitution,5
489,East Gregoryborough Bypass Project,2025-03-17,2025-04-04,Closed,Soil Compaction,Ask pretty capital especially travel minute base sure first best difficult heavy hotel partner small find everybody health seat likely identify heavy.,False,18,Subcontractor,Medium,12972.75,Preconstruction,Conflict Resolution,4
490,Taylorbury Bypass Project,2025-03-16,2025-04-12,Closed,Soil Compaction,Sound without none pull industry hair like land per fast upon adult.,True,27,General Contractor,Medium,14262.35,Preconstruction,Conflict Resolution,2
491,Pageside Bypass Project,2024-11-09,2024-12-06,Pending Review,Pavement Materials,Bring whose sport act also business race hospital world agreement likely firm ago development song.,True,27,Subcontractor,Medium,44740.66,Inspection,Clarification,4
492,West Bryanmouth Bypass Project,2025-01-20,2025-02-07,Closed,Utility Relocation,From human him degree wrong return town fire meet collection husband move trip month together reality would stock keep throughout south.,False,18,Civil Engineer,Low,2191.61,Inspection,Conflict Resolution,4
493,North John Bypass Project,2025-02-07,2025-02-13,Answered,Soil Compaction,None marriage professional name stop ground ability goal determine most pay service raise only social.,False,6,General Contractor,Medium,22076.73,Inspection,Conflict Resolution,2
494,Amandahaven Bypass Project,2024-11-22,2024-12-13,Open,Lane Closures,Thing physical compare according good ago place last trouble institution serve idea final evidence plant arrive yourself entire owner.,False,21,Civil Engineer,High,90890.68,Excavation,Material Substitution,2
495,Jenniferland Bypass Project,2025-03-19,2025-03-25,Pending Review,Road Grading,Southern economy history fast second defense nor either source save onto bill apply want drive even form clearly strategy add new.,False,6,General Contractor,Low,8244.67,Paving,Conflict Resolution,5
496,Rachelfurt Bypass Project,2025-01-08,2025-01-25,Closed,Traffic Signage,History likely spend imagine voice heart mother door way task strategy strategy window two drop professional.,True,17,Civil Engineer,Medium,18073.73,Inspection,Design Change,4
497,East Stacey Bypass Project,2025-03-20,2025-04-07,Pending Review,Guardrail Placement,Economic discover state reason reality onto technology form light left shake front behavior recent race would.,False,18,Civil Engineer,Low,8644.06,Preconstruction,Material Substitution,5
498,Lake Jeffrey Bypass Project,2025-02-06,2025-03-01,Closed,Soil Compaction,Fact whatever happy far beyond career indeed seat lead skin common free tough responsibility along material range buy.,True,23,Civil Engineer,High,143388.26,Paving,Clarification,4
499,New Tammyfurt Bypass Project,2025-01-24,2025-02-09,Answered,Traffic Signage,Because simple model statement middle family school heavy guy maintain admit over leader measure throw box particular water sell push benefit audience.,True,16,Civil Engineer,High,163538.58,Paving,Material Substitution,2
500,New Brittanyview Bypass Project,2025-02-16,2025-02-28,Answered,Bridge Joint Design,Field large paper something teach home agreement season throughout few evidence able sell leader agree break nation tell.,True,12,Subcontractor,Medium,25032.56,Paving,Conflict Resolution,2
501,Kimberlymouth Bypass Project,2024-12-09,2024-12-13,Pending Review,Lane Closures,Room he population girl human simply score letter write crime consumer bag five information try computer benefit Democrat well.,False,4,General Contractor,Medium,49790.34,Paving,Material Substitution,5
502,Lake Lauren Bypass Project,2025-02-06,2025-02-24,Closed,Pavement Materials,Value arrive quite treatment though article day character wide similar claim ok piece.,True,18,DOT Inspector,Medium,14862.49,Inspection,Design Change,5
503,West Pamela Bypass Project,2024-11-13,2024-12-10,Closed,Guardrail Placement,Here assume building indicate station hotel song yet sing while suffer low floor program partner spend task adult couple section behavior.,False,27,General Contractor,Medium,26151.83,Excavation,Clarification,4
504,Garybury Bypass Project,2025-03-25,2025-04-21,Open,Utility Relocation,Sometimes western blue instead trip forward born successful when person order within decide big significant far action position.,True,27,DOT Inspector,High,150304.15,Inspection,Clarification,4
505,South Thomasshire Bypass Project,2025-03-11,2025-03-26,Open,Soil Compaction,Rule student not cut onto pattern guess cell recent public serve sea cell letter rate professor energy cover see light.,True,15,General Contractor,Medium,28557.72,Inspection,Design Change,5
506,Harristown Bypass Project,2025-01-04,2025-01-30,Open,Pavement Materials,Very ground last time do herself spend indeed always clearly heart.,True,26,DOT Inspector,High,167569.77,Excavation,Material Substitution,3
507,Kennethmouth Bypass Project,2024-11-01,2024-11-14,Open,Road Grading,Away piece challenge national forget know door spend class technology how business close go under thousand involve total agent until send enjoy piece.,True,13,Civil Engineer,Medium,10245.85,Preconstruction,Conflict Resolution,3
508,East Anitaview Bypass Project,2025-01-09,2025-01-12,Closed,Bridge Joint Design,Man face art office less last fear develop performance girl concern evidence get feeling glass magazine identify song young along close.,True,3,Civil Engineer,Medium,21433.31,Inspection,Design Change,4
509,Sullivanstad Bypass Project,2025-04-07,2025-04-14,Pending Review,Stormwater Drainage,Section indicate positive bank away wind social blue process put others argue drive above.,False,7,Civil Engineer,Low,7717.95,Preconstruction,Clarification,4
510,South Caitlin Bypass Project,2024-12-15,2024-12-22,Open,Road Grading,Speak talk subject debate you Mrs bit memory magazine side behind talk hospital time drug on add hair stuff protect.,False,7,Subcontractor,Low,8243.74,Inspection,Clarification,2
511,West Andrewburgh Bypass Project,2024-12-12,2024-12-20,Closed,Soil Compaction,This home of hospital too seem price try use source Republican color sell wear themselves citizen gas.,False,8,Civil Engineer,Low,5118.16,Inspection,Conflict Resolution,5
512,North Nathaniel Bypass Project,2024-11-06,2024-12-01,Pending Review,Lane Closures,Follow group career late career race safe history detail young old information rather should happen picture book civil situation later agency.,True,25,DOT Inspector,Low,9849.26,Paving,Design Change,2
513,Port Jeremiahville Bypass Project,2025-01-14,2025-02-12,Open,Guardrail Placement,Go know door another able manager your still simply budget response enough tree responsibility then rise wait try night crime media edge light near.,False,29,Subcontractor,Medium,34822.06,Paving,Design Change,2
514,South Kristenfort Bypass Project,2025-04-11,2025-04-15,Closed,Stormwater Drainage,Consider training state able country director hit official even follow walk purpose go no public action account.,True,4,DOT Inspector,High,95618.71,Inspection,Conflict Resolution,4
515,New Albert Bypass Project,2025-02-26,2025-03-13,Closed,Traffic Signage,Very hold born these land every place certain or fall tell energy final myself itself tell daughter rich discussion letter.,False,15,DOT Inspector,Medium,27742.78,Preconstruction,Clarification,2
516,Johnsonhaven Bypass Project,2024-11-17,2024-12-11,Open,Guardrail Placement,Security should reduce low yourself deep air manager important western possible former police type ground lot crime often item enjoy page.,True,24,Civil Engineer,Low,9498.07,Paving,Clarification,2
517,East Heatherview Bypass Project,2025-02-16,2025-02-21,Answered,Utility Relocation,Congress present drop different possible away when another tax picture style vote put subject four.,False,5,Subcontractor,Low,1382.77,Preconstruction,Design Change,3
518,Davisstad Bypass Project,2024-11-16,2024-12-12,Answered,Soil Compaction,Start wide nothing everyone can behind road affect guess person five best upon there rock security themselves.,False,26,Civil Engineer,Low,6774.71,Paving,Material Substitution,5
519,East Sarashire Bypass Project,2025-02-25,2025-03-16,Closed,Soil Compaction,Major first day son bag American baby north force including she crime ten both then office suddenly second free.,False,19,Subcontractor,Low,9239.67,Paving,Material Substitution,3
520,Elizabethview Bypass Project,2025-01-16,2025-02-11,Pending Review,Stormwater Drainage,Oil morning what education agency read plan fish bank rate north how matter evidence almost reveal drug miss speech say situation sign simply alone.,False,26,Civil Engineer,Medium,41792.64,Excavation,Conflict Resolution,4
521,Port Cynthia Bypass Project,2025-03-05,2025-03-25,Closed,Stormwater Drainage,Fact simple money plan finish value source its board box charge table still exist behavior stock model wife.,True,20,General Contractor,Medium,10245.41,Preconstruction,Design Change,5
522,Rodriguezhaven Bypass Project,2024-12-31,2025-01-25,Answered,Soil Compaction,Some hope another officer note wrong air main position ever physical society adult resource up of trip purpose present.,True,25,Civil Engineer,High,135491.83,Preconstruction,Clarification,4
523,Smithmouth Bypass Project,2025-03-09,2025-03-25,Closed,Guardrail Placement,Teach us really season always well among against magazine hope but be interest must building never travel create building rather believe drive parent amount.,False,16,Subcontractor,Medium,11974.19,Inspection,Clarification,5
524,Kimstad Bypass Project,2024-11-07,2024-11-14,Closed,Soil Compaction,Toward record them decision wife note nation method word action others couple agree type trip.,False,7,Subcontractor,Low,4406.85,Preconstruction,Design Change,5
525,South Davidberg Bypass Project,2025-01-22,2025-02-16,Open,Soil Compaction,View forward feel form every middle buy about for agency hold total great case tax top foot page hear understand always economic help.,True,25,Civil Engineer,High,176796.56,Excavation,Material Substitution,4
526,Mullinschester Bypass Project,2025-03-19,2025-04-12,Pending Review,Road Grading,Mention religious continue soon thing vote same issue member seem short.,True,24,General Contractor,Medium,42575.33,Inspection,Clarification,3
527,New Moniquechester Bypass Project,2025-03-03,2025-03-18,Open,Stormwater Drainage,Production money north budget across you difference eat recognize believe approach position indicate.,False,15,Subcontractor,Medium,12159.25,Excavation,Design Change,3
528,Tuckerburgh Bypass Project,2025-03-25,2025-04-15,Closed,Soil Compaction,Best section become meet almost you tax card growth executive particularly blue art anyone than son four technology lead nature.,False,21,Subcontractor,Medium,14335.01,Paving,Material Substitution,5
529,Kellyton Bypass Project,2024-11-05,2024-11-19,Closed,Traffic Signage,Across front president different listen generation require nor himself factor Mrs customer boy order issue major investment computer pressure significant fast.,False,14,General Contractor,Low,3168.15,Inspection,Conflict Resolution,5
530,South Angelica Bypass Project,2025-04-12,2025-05-08,Pending Review,Soil Compaction,Hit save win market decide health out trade listen rather where.,False,26,DOT Inspector,Low,6694.36,Preconstruction,Material Substitution,2
531,Jonathonburgh Bypass Project,2024-11-17,2024-11-24,Pending Review,Bridge Joint Design,None tough none speech win travel stop my foot society this something fact it card claim.,False,7,DOT Inspector,Low,3076.29,Preconstruction,Conflict Resolution,2
532,Katieton Bypass Project,2024-11-16,2024-12-10,Pending Review,Utility Relocation,Occur media whole kitchen politics town more its it buy ready fine very smile quite he discuss north system visit.,True,24,General Contractor,Medium,30011.39,Preconstruction,Design Change,2
533,Greenshire Bypass Project,2025-02-21,2025-03-21,Answered,Bridge Joint Design,Book old by how environmental financial character under information answer figure subject.,False,28,General Contractor,Low,8556.6,Excavation,Conflict Resolution,3
534,Smithton Bypass Project,2025-04-07,2025-04-23,Closed,Bridge Joint Design,Project well begin easy film project second medical like just hour radio can road name card drug season soon what bring.,False,16,General Contractor,Low,5256.47,Paving,Design Change,4
535,Ricardochester Bypass Project,2024-12-03,2024-12-25,Pending Review,Utility Relocation,Would which parent democratic race cause this possible hair run get wide structure sister responsibility physical position away.,False,22,General Contractor,High,153897.62,Inspection,Material Substitution,4
536,West Richardmouth Bypass Project,2024-11-30,2024-12-17,Pending Review,Stormwater Drainage,Democrat physical trial free respond debate them situation standard a employee follow player oil perform reason benefit wall simple several item travel memory.,True,17,General Contractor,Medium,37159.96,Preconstruction,Design Change,2
537,New Nicole Bypass Project,2024-11-30,2024-12-22,Pending Review,Utility Relocation,Step board approach cost they writer exist into today somebody here head cup anyone might subject knowledge thousand why.,False,22,DOT Inspector,Medium,49594.81,Paving,Material Substitution,4
538,South Stephanieton Bypass Project,2025-03-02,2025-03-15,Answered,Traffic Signage,Manager why toward section piece college sign significant eye less wife red.,False,13,General Contractor,Medium,25968.36,Inspection,Material Substitution,5
539,Lake Carriechester Bypass Project,2024-11-29,2024-12-08,Pending Review,Soil Compaction,There none leave race free world start admit employee story good make approach front minute white education team section young area with experience.,True,9,General Contractor,Low,2824.14,Paving,Material Substitution,2
540,Bradleyfurt Bypass Project,2025-01-08,2025-01-29,Pending Review,Road Grading,Deep stuff expert because key candidate similar party southern think shake performance forget seat say.,False,21,General Contractor,Low,5085.38,Paving,Conflict Resolution,4
541,Millerhaven Bypass Project,2025-01-09,2025-01-31,Closed,Utility Relocation,Among often tax information majority station treat first place write add father idea race note child finally movie always they detail land.,True,22,General Contractor,Medium,40860.08,Inspection,Conflict Resolution,3
542,Michelleland Bypass Project,2024-12-21,2024-12-26,Closed,Traffic Signage,Prevent room agency most certain according style left standard energy fine speak.,False,5,Subcontractor,Low,7860.55,Preconstruction,Clarification,5
543,West Judithfurt Bypass Project,2025-03-15,2025-03-19,Closed,Traffic Signage,Campaign strategy option game these will produce close ball seven so sure yard just finally medical house power fine have stand.,True,4,DOT Inspector,Medium,35688.87,Preconstruction,Clarification,3
544,Andersonview Bypass Project,2025-02-04,2025-02-26,Open,Pavement Materials,As moment serve something prepare during product bad ability walk agent choice mouth cut miss push trouble enter fire head.,True,22,Civil Engineer,Medium,20139.57,Excavation,Conflict Resolution,5
545,North Karla Bypass Project,2024-12-07,2024-12-29,Answered,Lane Closures,Office performance night computer weight use manage while play human western reduce bed where movement benefit whatever actually fill staff Democrat.,True,22,DOT Inspector,Medium,15262.65,Paving,Material Substitution,4
546,Wendyside Bypass Project,2025-02-28,2025-03-05,Open,Soil Compaction,Next long ball available growth run fly lead staff suffer find through participant thus international person including chance third factor continue even kitchen long.,True,5,DOT Inspector,High,62096.81,Inspection,Conflict Resolution,2
547,Lake Kenneth Bypass Project,2025-04-10,2025-04-15,Answered,Stormwater Drainage,Energy guess sit term worker quickly exist three world consumer woman happy nice idea growth city TV coach source nor affect center believe.,False,5,Subcontractor,Low,8274.36,Paving,Clarification,4
548,South Rodneyview Bypass Project,2025-04-13,2025-04-25,Open,Utility Relocation,Decade sell church near bring send military dark radio seem able wall respond nature cause store political behavior mother should.,True,12,Civil Engineer,Low,3177.14,Inspection,Material Substitution,2
549,Joshuahaven Bypass Project,2025-03-03,2025-03-28,Closed,Utility Relocation,Environmental imagine with sure find per check father as after reflect inside they however ball different when travel story reveal kind.,False,25,General Contractor,Low,3369.83,Excavation,Material Substitution,3
550,Port Samuelville Bypass Project,2025-01-22,2025-02-05,Pending Review,Bridge Joint Design,Its sit new necessary lead test answer toward rich yet morning thing tell example building offer.,True,14,Subcontractor,High,190567.97,Preconstruction,Material Substitution,5
551,Robinsonbury Bypass Project,2025-03-25,2025-04-20,Closed,Pavement Materials,Fight democratic skill toward official one piece hair which interview play onto central hair particularly entire individual past base example through near the car.,True,26,Civil Engineer,High,135995.49,Preconstruction,Conflict Resolution,4
552,South Ryanstad Bypass Project,2024-12-07,2025-01-05,Closed,Road Grading,Each shoulder charge large couple believe popular service organization push always determine several real difficult society.,True,29,Subcontractor,Medium,16916.42,Excavation,Conflict Resolution,2
553,Hayesview Bypass Project,2025-02-13,2025-02-22,Closed,Traffic Signage,Owner tonight become already face window after interesting turn oil dream result including.,True,9,DOT Inspector,Low,3800.77,Inspection,Conflict Resolution,2
554,Nelsonchester Bypass Project,2024-12-31,2025-01-30,Pending Review,Soil Compaction,Care sign painting third young oil professional hand sport figure return remain account mean contain open arm although customer teacher share artist eight.,True,30,DOT Inspector,High,162744.77,Preconstruction,Conflict Resolution,4
555,Port Melissa Bypass Project,2024-12-24,2025-01-02,Answered,Traffic Signage,May free only a miss dog home avoid do particularly young style bad week budget name kitchen and try blue election exactly all general.,True,9,General Contractor,Low,7819.3,Paving,Design Change,5
556,New Lauren Bypass Project,2024-12-27,2025-01-02,Open,Stormwater Drainage,Commercial before remain player mean wish chair quite statement technology so these night.,False,6,DOT Inspector,Medium,11296.79,Preconstruction,Material Substitution,3
557,Rebeccaton Bypass Project,2025-03-26,2025-04-04,Closed,Guardrail Placement,Audience play best bad ahead high him eye really toward risk whole material explain box audience top position address indeed answer.,True,9,DOT Inspector,High,116322.32,Paving,Clarification,2
558,Emilyborough Bypass Project,2025-01-02,2025-01-22,Open,Stormwater Drainage,Board growth finally last tonight pull project leader despite prove partner financial fund great dinner.,False,20,DOT Inspector,Low,3285.6,Excavation,Clarification,4
559,Davidfort Bypass Project,2025-04-03,2025-04-23,Answered,Pavement Materials,Race theory song receive learn read inside little writer analysis black break discuss necessary fly population special TV staff describe understand girl force technology study.,True,20,Subcontractor,High,177372.14,Inspection,Material Substitution,3
560,West Tyler Bypass Project,2025-02-18,2025-03-01,Answered,Bridge Joint Design,Wide ten likely class defense support art above culture above.,True,11,Subcontractor,Low,4004.92,Excavation,Design Change,2
561,Bakerstad Bypass Project,2024-11-16,2024-11-21,Answered,Bridge Joint Design,Than interest fear price night eye fly up professional style use each talk us statement.,False,5,DOT Inspector,Low,1848.2,Paving,Clarification,5
562,South Martin Bypass Project,2025-03-22,2025-04-17,Answered,Soil Compaction,Operation data after agent anything walk small enjoy time rise Mrs experience participant two visit rate finally not manage.,True,26,DOT Inspector,Medium,10984.49,Paving,Material Substitution,4
563,Davidfurt Bypass Project,2025-01-29,2025-02-27,Answered,Traffic Signage,Range land explain say unit protect west address goal those society poor before heavy effect economy dream speech pass.,True,29,DOT Inspector,Medium,36911.65,Preconstruction,Conflict Resolution,5
564,New Cathyview Bypass Project,2025-01-13,2025-01-31,Open,Traffic Signage,Commercial discover get visit big traditional measure run human behavior compare behind big force.,True,18,Civil Engineer,High,66063.9,Inspection,Clarification,4
565,New Taylorport Bypass Project,2025-02-14,2025-03-06,Answered,Soil Compaction,Staff exist attention tree rock then after miss financial management again inside whether live less identify indeed matter true science.,False,20,Civil Engineer,Medium,24108.39,Excavation,Design Change,4
566,Haleytown Bypass Project,2024-11-20,2024-12-16,Closed,Lane Closures,Participant choose bag avoid piece media clearly audience movie wonder evidence ability total employee people dog human ok care.,False,26,General Contractor,Low,5930.91,Excavation,Conflict Resolution,5
567,Samanthaport Bypass Project,2025-03-07,2025-03-24,Answered,Road Grading,Not fight either air statement attack energy address wall think role sometimes room issue work.,False,17,Subcontractor,Low,9761.67,Excavation,Conflict Resolution,5
568,Williamsstad Bypass Project,2025-04-14,2025-04-27,Closed,Bridge Joint Design,Order pick production result thought too parent amount head white.,False,13,Subcontractor,Low,1257.24,Preconstruction,Material Substitution,5
569,East Catherine Bypass Project,2024-11-09,2024-12-05,Closed,Road Grading,Baby election record parent which send performance read past but system family.,True,26,General Contractor,Medium,46036.17,Inspection,Design Change,2
570,Martinezberg Bypass Project,2025-02-08,2025-03-10,Answered,Stormwater Drainage,Record memory rate successful purpose need fill often accept whose my represent appear decide between write.,False,30,General Contractor,Medium,19125.81,Paving,Material Substitution,4
571,Amyborough Bypass Project,2024-11-22,2024-11-25,Open,Traffic Signage,Against international herself group deep reflect fall whatever various thing.,True,3,Subcontractor,High,57235.96,Inspection,Design Change,5
572,Douglasfort Bypass Project,2024-11-18,2024-11-24,Closed,Utility Relocation,Ahead treat direction economy reach travel pressure should provide college food my reduce organization power hand water subject.,False,6,General Contractor,High,91563.5,Preconstruction,Design Change,3
573,Lake John Bypass Project,2024-12-31,2025-01-27,Pending Review,Traffic Signage,Poor figure page company news threat impact big quite spend mention she man thought next let.,False,27,DOT Inspector,Low,4931.76,Paving,Conflict Resolution,5
574,Kathyberg Bypass Project,2025-01-06,2025-01-15,Open,Utility Relocation,Mr face because dream rather tonight long time none yes investment ability.,True,9,DOT Inspector,High,58211.07,Preconstruction,Design Change,3
575,Gregoryville Bypass Project,2025-01-13,2025-01-31,Open,Utility Relocation,Letter everyone yourself step business positive keep case two what large until.,True,18,Subcontractor,High,88578.68,Paving,Design Change,2
576,Kaufmanburgh Bypass Project,2025-02-24,2025-03-25,Open,Lane Closures,What east better hotel customer interest Congress relationship minute despite hope.,True,29,Subcontractor,Medium,24467.22,Preconstruction,Material Substitution,3
577,West Williechester Bypass Project,2024-12-21,2024-12-31,Open,Lane Closures,Teacher happen nearly network computer customer crime party reach film social current require lay meet everybody student property financial since.,True,10,General Contractor,Medium,15450.89,Inspection,Clarification,3
578,Nancybury Bypass Project,2025-04-03,2025-04-17,Answered,Road Grading,Plan growth thus life whole score because day partner explain consumer staff game bar business.,False,14,Subcontractor,Low,1675.63,Inspection,Material Substitution,5
579,Kleinchester Bypass Project,2025-04-15,2025-05-02,Answered,Bridge Joint Design,Above learn develop mother thousand spend section while claim action close movement herself west price change continue represent nice mouth agent operation me dark.,False,17,DOT Inspector,Medium,47754.42,Preconstruction,Conflict Resolution,4
580,Terryborough Bypass Project,2025-01-30,2025-02-05,Open,Lane Closures,Table yes room they house manage stuff join myself little away back voice identify.,False,6,Civil Engineer,High,67078.54,Preconstruction,Design Change,3
581,West Davidbury Bypass Project,2025-01-05,2025-01-19,Closed,Pavement Materials,Arm strategy major leg address country charge it clear will site others war star next mouth.,True,14,Subcontractor,High,73690.76,Inspection,Clarification,4
582,Lake Amybury Bypass Project,2024-11-09,2024-11-14,Pending Review,Soil Compaction,Top letter position own both reveal officer leave pick fast door million.,False,5,General Contractor,Medium,35607.76,Preconstruction,Design Change,4
583,Port Steven Bypass Project,2025-03-16,2025-04-13,Answered,Utility Relocation,Campaign effect figure center resource study reduce debate after stand well trial box when too final discuss blood TV lay certainly sea.,False,28,DOT Inspector,Medium,43977.07,Paving,Clarification,2
584,Gregoryfort Bypass Project,2024-12-21,2025-01-08,Pending Review,Bridge Joint Design,Record including increase show between among drug weight make nearly want.,False,18,Civil Engineer,Medium,11764.4,Excavation,Design Change,2
585,Nicolestad Bypass Project,2025-01-19,2025-01-26,Pending Review,Guardrail Placement,Just onto too western thought such paper would yes debate any maintain.,False,7,General Contractor,Low,1505.88,Paving,Clarification,3
586,South Jessicaberg Bypass Project,2024-12-20,2025-01-09,Open,Pavement Materials,Blue again explain possible become technology site present investment stand minute she there.,False,20,Subcontractor,Low,1716.54,Preconstruction,Clarification,5
587,Lake Benjaminfurt Bypass Project,2025-04-15,2025-04-23,Answered,Bridge Joint Design,Myself sell these language future character report general dark always wonder who different movement kind language.,False,8,Subcontractor,Low,7589.52,Inspection,Clarification,3
588,Kyleborough Bypass Project,2025-03-28,2025-04-24,Answered,Utility Relocation,Worry with ability read none yourself let purpose wind bill same today management generation court perform establish though today environment whether dream since.,True,27,General Contractor,Medium,12443.0,Paving,Design Change,4
589,Johnsonport Bypass Project,2024-12-01,2024-12-11,Answered,Soil Compaction,Kind why writer both painting sit draw child street throughout future outside firm camera visit support.,True,10,DOT Inspector,Low,8500.84,Paving,Conflict Resolution,3
590,East Kimberlyhaven Bypass Project,2024-12-18,2024-12-24,Open,Guardrail Placement,Hard letter responsibility above rather bed from work Democrat himself run ten trip individual sometimes.,True,6,Civil Engineer,Medium,47287.89,Paving,Design Change,5
591,Lake Nathanshire Bypass Project,2025-03-04,2025-03-14,Answered,Soil Compaction,Executive brother performance hot check south simply against executive him less author.,False,10,Civil Engineer,Medium,17005.52,Paving,Conflict Resolution,5
592,Bettyhaven Bypass Project,2025-02-25,2025-03-10,Answered,Traffic Signage,Something cause security worker sort nothing along join property significant song behavior article full wear or.,False,13,Civil Engineer,Medium,45802.51,Paving,Design Change,4
593,West Toddstad Bypass Project,2025-03-22,2025-04-20,Closed,Guardrail Placement,Later increase individual miss impact city believe national from network mind capital specific throw difference family.,True,29,Civil Engineer,Low,5652.65,Inspection,Design Change,3
594,Gardnerville Bypass Project,2025-03-06,2025-03-14,Open,Pavement Materials,Wide others wall himself on white situation maintain toward individual speech.,True,8,General Contractor,High,170003.62,Paving,Material Substitution,4
595,Port Sarah Bypass Project,2025-02-24,2025-03-17,Open,Lane Closures,Peace base game strategy situation employee collection factor program culture up measure song traditional result prepare space series success call economy rule best music.,False,21,DOT Inspector,Low,7777.91,Excavation,Material Substitution,2
596,Floresville Bypass Project,2025-02-16,2025-03-09,Closed,Traffic Signage,Citizen himself happy everyone indeed sing set answer buy government fill standard student position approach then wear force.,True,21,DOT Inspector,Medium,25555.88,Preconstruction,Material Substitution,2
597,Charlesview Bypass Project,2025-04-02,2025-04-08,Pending Review,Lane Closures,Son pick together someone recognize answer pretty place significant size family begin.,True,6,General Contractor,Medium,15925.68,Inspection,Clarification,3
598,Louismouth Bypass Project,2025-02-22,2025-03-20,Pending Review,Guardrail Placement,Pull key interest its soon fly group someone college new learn field student suggest high appear draw air.,True,26,General Contractor,Medium,11065.46,Inspection,Clarification,3
599,Williamsfurt Bypass Project,2025-02-27,2025-03-15,Pending Review,Pavement Materials,Fill sit hear morning respond some figure leave chance knowledge ask deal street recognize include defense improve forward assume anyone.,True,16,Subcontractor,Medium,14095.04,Paving,Clarification,2
600,West Lindsey Bypass Project,2024-11-26,2024-12-15,Closed,Guardrail Placement,Mr machine be summer method light account agency more whatever face local society.,True,19,DOT Inspector,Medium,35368.69,Paving,Conflict Resolution,3
601,Carlsonchester Bypass Project,2025-03-18,2025-04-10,Open,Lane Closures,Threat rise same entire let before final whose recent rich policy art between dream not body a executive camera can put natural.,False,23,Civil Engineer,Low,5749.53,Excavation,Clarification,2
602,Diazborough Bypass Project,2024-12-09,2024-12-21,Pending Review,Stormwater Drainage,Again never drive smile call benefit series both simply respond west image southern seat others not public couple according environment catch.,False,12,Subcontractor,Medium,31493.19,Paving,Material Substitution,5
603,Stewartview Bypass Project,2025-03-17,2025-03-25,Pending Review,Bridge Joint Design,Rise attack rest draw future claim city continue best face example chance this.,True,8,Civil Engineer,Medium,30106.54,Paving,Material Substitution,2
604,Ramoston Bypass Project,2024-11-14,2024-11-30,Open,Utility Relocation,Short director yard tonight try either represent fight red whom mother now process sit detail political.,True,16,Subcontractor,Medium,20857.2,Inspection,Clarification,4
605,Mariaview Bypass Project,2025-01-01,2025-01-17,Open,Utility Relocation,Majority pretty exist seat example central term herself will begin baby.,False,16,Civil Engineer,Medium,28340.32,Paving,Design Change,3
606,East Michaelbury Bypass Project,2025-01-24,2025-02-11,Pending Review,Bridge Joint Design,Win real especially every respond cause give show knowledge difference allow gas for toward put politics.,True,18,General Contractor,High,164608.26,Inspection,Clarification,5
607,East Christine Bypass Project,2025-01-23,2025-02-20,Closed,Lane Closures,Report remember claim eat population by lead particularly whether somebody though green hold military.,False,28,Civil Engineer,Medium,20279.43,Paving,Clarification,3
608,West Jonside Bypass Project,2025-04-05,2025-04-27,Open,Utility Relocation,Likely under cover outside under easy alone other piece culture ground away author over.,False,22,DOT Inspector,Low,7569.85,Preconstruction,Material Substitution,4
609,South Angelaville Bypass Project,2024-11-26,2024-12-12,Pending Review,Utility Relocation,Sign certainly drive others woman take realize claim three likely perform.,False,16,Civil Engineer,Low,4232.13,Preconstruction,Material Substitution,4
610,South Jennifer Bypass Project,2024-11-20,2024-12-19,Answered,Utility Relocation,Assume window order magazine religious just party college see space stock real economy wear finally energy other weight article likely election.,True,29,Subcontractor,High,120943.18,Preconstruction,Clarification,3
611,New James Bypass Project,2025-04-04,2025-04-09,Answered,Bridge Joint Design,Something poor week reason now young sense hit leader nation break mind analysis.,False,5,General Contractor,Low,6892.66,Inspection,Material Substitution,3
612,Amandaland Bypass Project,2025-03-04,2025-04-02,Open,Utility Relocation,Before ready matter low class speech peace investment back a full own.,False,29,General Contractor,Low,1734.68,Excavation,Conflict Resolution,3
613,Andreton Bypass Project,2025-01-24,2025-02-13,Pending Review,Traffic Signage,Low claim give be investment tree ahead indicate run start quite agreement PM keep system road stay.,True,20,Civil Engineer,Low,9646.56,Paving,Conflict Resolution,2
614,West Brent Bypass Project,2025-03-19,2025-04-13,Pending Review,Traffic Signage,Employee major four parent may very song machine true voice claim rather water character start but place.,True,25,Civil Engineer,Medium,32413.98,Excavation,Conflict Resolution,2
615,Patelland Bypass Project,2024-12-11,2024-12-22,Answered,Road Grading,Candidate friend instead control red control tell thank so stock billion star Republican campaign suddenly already reality budget top deal either now answer simple.,True,11,DOT Inspector,Medium,48798.86,Excavation,Material Substitution,5
616,Port Cherylborough Bypass Project,2024-11-15,2024-11-24,Answered,Soil Compaction,Culture public may lawyer his care indicate future become him water from report but total treatment most rise word small.,False,9,DOT Inspector,Low,6431.48,Preconstruction,Clarification,2
617,Port Daniel Bypass Project,2025-01-05,2025-01-23,Pending Review,Soil Compaction,Area court positive citizen discussion special simple reason sure relate nor author.,True,18,Civil Engineer,High,71277.8,Preconstruction,Conflict Resolution,5
618,Lake Scott Bypass Project,2025-01-14,2025-01-19,Closed,Guardrail Placement,Statement help painting but every help live dog response remain city woman gas consumer through military party.,True,5,General Contractor,Medium,26384.07,Excavation,Conflict Resolution,3
619,Port Danielview Bypass Project,2025-02-01,2025-02-15,Answered,Utility Relocation,Store little official whatever professor drop speak range something cost nice to serve bag movement police hold maybe wear daughter center.,False,14,DOT Inspector,Low,5723.32,Inspection,Design Change,4
620,East Danielville Bypass Project,2024-12-06,2025-01-05,Open,Pavement Materials,Hard here situation view difficult say site look of suddenly system there more enough over great back me notice draw last.,False,30,Civil Engineer,Medium,29165.05,Preconstruction,Material Substitution,4
621,Maryhaven Bypass Project,2025-01-30,2025-02-12,Pending Review,Stormwater Drainage,Summer apply west respond live popular capital truth music type executive market today sure teacher happy new clearly example join office.,True,13,Subcontractor,Low,6017.32,Paving,Material Substitution,3
622,Campbellberg Bypass Project,2025-03-30,2025-04-03,Answered,Stormwater Drainage,Test watch budget raise method somebody our third American discuss newspaper out Democrat little or race analysis exactly us treatment popular.,True,4,General Contractor,Low,8873.15,Paving,Material Substitution,4
623,Davidside Bypass Project,2024-11-15,2024-12-15,Pending Review,Utility Relocation,Money protect body thought two near realize but education push ready himself party fire eat alone thought finally.,False,30,General Contractor,Medium,22946.66,Preconstruction,Clarification,5
624,Erictown Bypass Project,2024-11-05,2024-11-27,Open,Lane Closures,Determine example beautiful front source stage go help official rather should fall who drive whole.,True,22,DOT Inspector,Medium,32074.79,Excavation,Design Change,2
625,Adamstown Bypass Project,2025-02-07,2025-02-26,Open,Stormwater Drainage,Mrs argue baby stock trip man at week help receive system letter from full from commercial game series history city more.,True,19,General Contractor,High,110852.11,Paving,Conflict Resolution,5
626,Rojasburgh Bypass Project,2025-01-23,2025-02-19,Open,Traffic Signage,Health act property sing TV white simply Democrat teach special ask well identify price want development administration although.,True,27,Civil Engineer,Low,7605.06,Excavation,Conflict Resolution,4
627,Robertburgh Bypass Project,2025-03-06,2025-03-20,Closed,Road Grading,Three product front could reach degree develop player business as once step truth order.,False,14,Civil Engineer,Low,2258.92,Preconstruction,Material Substitution,3
628,Michaelshire Bypass Project,2025-01-02,2025-01-20,Open,Pavement Materials,Decade marriage what collection part foreign region offer question floor others management kind event listen.,False,18,Subcontractor,Low,2325.66,Excavation,Material Substitution,3
629,Kellymouth Bypass Project,2025-04-13,2025-04-24,Open,Utility Relocation,Type end face central still nice clearly student those score office.,True,11,DOT Inspector,High,157870.41,Inspection,Clarification,5
630,Perezbury Bypass Project,2024-11-10,2024-11-29,Open,Traffic Signage,Process face father maybe yeah single Mr model call ground reality soldier they break gas.,True,19,Subcontractor,Medium,25198.34,Paving,Material Substitution,3
631,Jonesmouth Bypass Project,2025-02-21,2025-02-25,Answered,Lane Closures,Give protect address night deal difficult someone most agency two trial have mean fire half decision perform allow this such industry assume risk partner cut.,True,4,DOT Inspector,Medium,19758.09,Inspection,Design Change,3
632,Lake Christina Bypass Project,2025-01-18,2025-01-27,Closed,Traffic Signage,Under drop southern international go difference paper act air child perform world born.,True,9,General Contractor,Medium,14345.63,Preconstruction,Design Change,5
633,East Danielchester Bypass Project,2025-02-22,2025-03-15,Pending Review,Soil Compaction,Personal loss third two fact true teach money exist they baby artist western another her could somebody better.,True,21,Civil Engineer,Medium,45825.04,Excavation,Conflict Resolution,2
634,Martinmouth Bypass Project,2024-12-16,2025-01-09,Open,Stormwater Drainage,Author it shake hospital interesting military individual ago level rich section relationship single east.,False,24,DOT Inspector,Low,8497.16,Paving,Clarification,5
635,New Ruth Bypass Project,2025-01-17,2025-01-31,Answered,Guardrail Placement,Community change level yourself develop story back instead money together understand figure resource.,True,14,Civil Engineer,Low,4461.99,Excavation,Material Substitution,5
636,West Dianestad Bypass Project,2025-03-20,2025-04-19,Closed,Lane Closures,Around certain drop particularly according no morning spend use process interview clear red be season last.,True,30,General Contractor,Medium,43388.99,Inspection,Conflict Resolution,4
637,Lake Ryanborough Bypass Project,2025-03-15,2025-03-26,Answered,Utility Relocation,Serious money order decision door federal serious form respond popular check wish expert thing share perform direction story list relate fact.,True,11,DOT Inspector,Medium,13459.44,Excavation,Conflict Resolution,4
638,Amandachester Bypass Project,2025-04-07,2025-05-02,Answered,Traffic Signage,Thousand teach result past health true not since instead similar suggest likely against eye old level.,False,25,Civil Engineer,Medium,30993.51,Paving,Conflict Resolution,4
639,Sandrastad Bypass Project,2024-12-14,2024-12-21,Closed,Guardrail Placement,Form market natural determine gas price air store worry fund very worker page project between media man reveal away wear.,False,7,General Contractor,Medium,18073.01,Inspection,Conflict Resolution,4
640,Shawborough Bypass Project,2025-02-04,2025-02-14,Pending Review,Guardrail Placement,Financial guy necessary society fear require oil listen artist last establish remember soon her different federal particular green question camera.,False,10,DOT Inspector,Low,6778.4,Excavation,Conflict Resolution,3
641,Warrenfort Bypass Project,2024-12-08,2025-01-07,Open,Pavement Materials,Ago leg affect tonight analysis yourself pattern manage late have first lawyer figure thought act current thus movement nor pretty find civil ahead great pretty.,True,30,General Contractor,Medium,38992.41,Preconstruction,Conflict Resolution,5
642,Bergerbury Bypass Project,2025-02-20,2025-03-08,Closed,Bridge Joint Design,Find rock drug difficult down effect response same finally especially method agent but.,False,16,DOT Inspector,Medium,45167.34,Preconstruction,Design Change,3
643,Curtisport Bypass Project,2024-12-26,2025-01-22,Pending Review,Lane Closures,Human watch ball side vote help young American piece important yes identify treat weight room expert station at value well.,True,27,Subcontractor,Medium,34835.47,Preconstruction,Clarification,5
644,Port Richard Bypass Project,2025-01-20,2025-01-31,Answered,Pavement Materials,Him great seat anyone different build everyone else soldier father throw attack.,True,11,DOT Inspector,High,105617.4,Inspection,Conflict Resolution,5
645,Davenportport Bypass Project,2025-01-02,2025-01-27,Pending Review,Soil Compaction,Each anything relationship way on decade appear than lose nation memory action more kid explain stuff.,False,25,Subcontractor,High,77212.04,Excavation,Material Substitution,3
646,Lake Patriciafort Bypass Project,2025-01-17,2025-01-20,Pending Review,Utility Relocation,Give then outside value international teach interview total above dream stay relationship former involve because best hour real since hundred owner agree card open.,True,3,DOT Inspector,Medium,47334.58,Inspection,Material Substitution,2
647,New Kimberlyhaven Bypass Project,2024-12-27,2025-01-12,Closed,Utility Relocation,Newspaper rich both much he explain name set decide different themselves western ready occur behind.,False,16,Subcontractor,Medium,10262.49,Preconstruction,Conflict Resolution,5
648,New Erin Bypass Project,2024-12-20,2024-12-28,Answered,Traffic Signage,First art unit director exactly from turn single someone simply agree step.,False,8,DOT Inspector,Medium,10648.28,Inspection,Conflict Resolution,3
649,West Michelleville Bypass Project,2025-02-22,2025-02-27,Open,Traffic Signage,Already small notice word our particular party hold very glass spend resource executive possible bed television add city line evening blood after.,False,5,General Contractor,Low,2575.26,Preconstruction,Clarification,5
650,East Susan Bypass Project,2024-11-23,2024-12-18,Closed,Bridge Joint Design,Bit compare responsibility month move pay commercial investment free other guy whose direction public police enjoy open beyond.,True,25,Civil Engineer,Medium,43808.73,Preconstruction,Conflict Resolution,3
651,Port Joshuaview Bypass Project,2025-03-27,2025-04-21,Pending Review,Pavement Materials,Read they charge law ask cost reason eight whom wrong blue ability week heart own more dog begin middle share whole.,True,25,DOT Inspector,Medium,46843.95,Preconstruction,Conflict Resolution,4
652,East Michelle Bypass Project,2024-11-08,2024-12-01,Open,Traffic Signage,Alone good leader difference itself size believe despite level today training list project add other read pull very training staff.,False,23,DOT Inspector,Medium,13466.18,Preconstruction,Material Substitution,3
653,New Scottville Bypass Project,2024-11-14,2024-12-06,Closed,Pavement Materials,Think money try our popular thank song long can ground listen move material by pressure nor sound woman mention world side.,True,22,General Contractor,High,92919.84,Paving,Design Change,3
654,Port Jared Bypass Project,2025-03-10,2025-03-28,Answered,Bridge Joint Design,Hot natural radio all brother draw to ahead represent forward those range individual water low behind type coach yard effort form section.,True,18,General Contractor,Medium,25097.79,Excavation,Conflict Resolution,3
655,East Jacobstad Bypass Project,2025-02-04,2025-02-09,Closed,Traffic Signage,Protect community blue hotel its image wish black group worry time radio here station exactly chance special unit everything network water.,False,5,General Contractor,Low,4105.93,Excavation,Conflict Resolution,3
656,North Sarah Bypass Project,2024-12-16,2025-01-13,Answered,Lane Closures,Continue day save threat rate table media compare after bring light leader future discover Mr.,True,28,Subcontractor,Medium,18776.38,Preconstruction,Clarification,4
657,Lake Jay Bypass Project,2025-04-12,2025-04-29,Pending Review,Stormwater Drainage,Democrat with stock process example determine PM commercial base include kid recognize also.,True,17,Civil Engineer,Medium,15611.4,Inspection,Conflict Resolution,3
658,Ronniebury Bypass Project,2025-02-11,2025-03-05,Open,Guardrail Placement,Something under section after chair husband southern civil rest floor actually.,False,22,DOT Inspector,Low,3012.58,Paving,Clarification,5
659,Susanchester Bypass Project,2025-01-25,2025-01-29,Answered,Bridge Joint Design,Month never energy huge key four its interesting listen TV coach at.,False,4,Civil Engineer,Medium,11767.85,Excavation,Clarification,2
660,Michellemouth Bypass Project,2025-04-14,2025-05-14,Open,Soil Compaction,Senior image region center indeed professor eat possible which agency south receive often forget town should before exactly general job resource body able responsibility.,False,30,General Contractor,High,176111.95,Preconstruction,Conflict Resolution,2
661,Kristaville Bypass Project,2024-11-22,2024-12-17,Open,Lane Closures,Idea into level we community over same generation his onto wife.,False,25,Civil Engineer,Medium,45083.55,Paving,Conflict Resolution,3
662,Mcmahonport Bypass Project,2024-11-20,2024-11-30,Closed,Lane Closures,Lose arrive type cup four success live especially down morning contain west.,False,10,Civil Engineer,Medium,22195.81,Excavation,Clarification,4
663,Port Sarahmouth Bypass Project,2025-02-04,2025-02-15,Answered,Bridge Joint Design,Each learn ahead blood build board stock how way event run dinner now skill may show unit coach special step message.,False,11,General Contractor,Medium,46941.24,Excavation,Material Substitution,2
664,Whitakermouth Bypass Project,2025-02-19,2025-02-23,Open,Pavement Materials,Computer box care soon street population rise white run director successful white nor.,False,4,Subcontractor,Medium,23734.25,Inspection,Design Change,3
665,South Josephmouth Bypass Project,2025-03-26,2025-04-24,Pending Review,Bridge Joint Design,Wife him according trial those open stay later central rest affect among industry money.,True,29,DOT Inspector,Medium,11356.83,Excavation,Design Change,3
666,Cheyenneville Bypass Project,2024-11-30,2024-12-06,Open,Utility Relocation,Traditional will author put believe page top move article source decide.,False,6,DOT Inspector,Medium,23530.72,Excavation,Material Substitution,3
667,Danielberg Bypass Project,2024-11-12,2024-12-10,Open,Guardrail Placement,Us difficult personal car energy I continue significant class begin way president southern none.,False,28,DOT Inspector,High,89007.93,Preconstruction,Conflict Resolution,5
668,East Juanport Bypass Project,2025-02-03,2025-02-13,Pending Review,Traffic Signage,Fill study president safe traditional present probably life within employee most somebody case no shake task camera stop include.,False,10,DOT Inspector,Medium,17945.0,Inspection,Design Change,2
669,New Amyville Bypass Project,2025-03-11,2025-03-17,Answered,Bridge Joint Design,Offer red same begin scene black range rule sister to fall nor pass.,True,6,DOT Inspector,Low,6444.73,Paving,Clarification,3
670,Wilsonmouth Bypass Project,2024-11-01,2024-11-18,Open,Pavement Materials,Information attorney second opportunity price ago environmental particularly always air president police try grow hospital community ability cut.,True,17,General Contractor,Medium,33237.66,Paving,Conflict Resolution,5
671,Smithland Bypass Project,2024-11-04,2024-11-24,Pending Review,Bridge Joint Design,Modern situation arm bed century color report want impact for relate.,False,20,Civil Engineer,Low,4819.77,Inspection,Material Substitution,2
672,Lake Charlesville Bypass Project,2025-02-11,2025-02-15,Pending Review,Road Grading,Tell throughout pretty bed out forward candidate across sea south teacher.,True,4,Subcontractor,Medium,23335.3,Inspection,Conflict Resolution,3
673,Mitchellview Bypass Project,2024-11-29,2024-12-04,Closed,Guardrail Placement,Gas ready dinner view social and training will Congress senior region item behind course media human.,False,5,General Contractor,High,111425.84,Inspection,Conflict Resolution,4
674,West Darlene Bypass Project,2025-01-15,2025-02-03,Open,Pavement Materials,Say carry water poor number hand site skin goal a safe bill.,True,19,Civil Engineer,High,160568.21,Preconstruction,Conflict Resolution,4
675,Roblesfort Bypass Project,2025-03-11,2025-04-04,Pending Review,Bridge Joint Design,Face prevent religious energy president near listen environment security policy around suggest college view set nor.,False,24,DOT Inspector,Low,9810.27,Paving,Material Substitution,4
676,Johnsonville Bypass Project,2025-02-02,2025-02-17,Pending Review,Soil Compaction,Goal rise book himself age difference type bit of finish account computer usually benefit recently moment stand back community.,False,15,General Contractor,Low,7584.03,Inspection,Material Substitution,2
677,Smithland Bypass Project,2025-03-15,2025-04-06,Pending Review,Utility Relocation,Whole little statement around camera why staff money kid sign we play end use ball land learn.,True,22,General Contractor,Medium,33484.09,Inspection,Clarification,3
678,Foxbury Bypass Project,2025-03-07,2025-04-02,Answered,Utility Relocation,Exactly stay food finish difficult side peace least city magazine spend run or hundred result score form clear scene get hotel probably picture positive.,False,26,General Contractor,Low,2595.55,Paving,Clarification,3
679,New Glennland Bypass Project,2025-03-19,2025-04-05,Answered,Pavement Materials,Whose billion ground record step magazine thank site animal its however training nation indicate student through key anything former image.,False,17,Civil Engineer,Medium,16100.08,Preconstruction,Design Change,4
680,Smithstad Bypass Project,2024-11-23,2024-12-05,Pending Review,Soil Compaction,Population wrong center everyone itself their beautiful book game consumer of skill full direction speak suffer individual ask turn suddenly put time gun.,True,12,Civil Engineer,Medium,45650.57,Excavation,Design Change,3
681,North Carolyn Bypass Project,2025-04-05,2025-04-17,Pending Review,Utility Relocation,See society young experience boy road whether cultural parent nice modern he exactly health.,True,12,Civil Engineer,Medium,37777.39,Inspection,Material Substitution,2
682,Harriston Bypass Project,2024-12-29,2025-01-09,Closed,Road Grading,Woman son decade when office second school pay offer coach weight customer reflect list want view.,True,11,General Contractor,Medium,42079.59,Inspection,Conflict Resolution,5
683,North Samuelland Bypass Project,2025-02-24,2025-03-25,Answered,Traffic Signage,Around people thing million military responsibility eye hour rock debate especially rate daughter beyond assume from would although us north share month best.,False,29,Civil Engineer,Low,5549.03,Excavation,Design Change,3
684,Dalemouth Bypass Project,2025-03-22,2025-04-15,Pending Review,Traffic Signage,Different you American agreement fall front push let property tax school dinner international administration because plan enough general hot game owner business.,True,24,Civil Engineer,Medium,31973.48,Excavation,Conflict Resolution,4
685,South Tyrone Bypass Project,2025-04-09,2025-04-17,Pending Review,Traffic Signage,Game federal dinner surface imagine cost with almost bit second thus indicate.,True,8,General Contractor,Medium,40166.14,Inspection,Clarification,4
686,New Janetport Bypass Project,2025-01-06,2025-01-09,Open,Lane Closures,Then people at raise top thousand dark foot but develop seem east both majority appear hospital rise out summer drop.,True,3,Subcontractor,High,101826.7,Inspection,Design Change,3
687,Karenfort Bypass Project,2024-12-08,2025-01-06,Answered,Stormwater Drainage,Improve sister great life as fish kitchen health understand north man manager door career.,False,29,Civil Engineer,Medium,13630.43,Inspection,Conflict Resolution,2
688,North Timothymouth Bypass Project,2025-01-25,2025-02-03,Closed,Guardrail Placement,Wide vote choose majority produce rule child do window statement science both reveal nation outside nation strong turn else painting.,True,9,General Contractor,Medium,12900.71,Preconstruction,Clarification,5
689,East Dorothy Bypass Project,2025-01-25,2025-02-17,Closed,Stormwater Drainage,Along find scene person fly article house argue whose if outside executive gun eat other surface less.,False,23,Subcontractor,Low,2435.36,Excavation,Design Change,3
690,Annaland Bypass Project,2024-12-01,2024-12-06,Open,Guardrail Placement,Wish song water finish until industry series fine month somebody social little top list service ago relationship prevent step same if own must information.,True,5,Subcontractor,Medium,18332.76,Paving,Design Change,3
691,West Melaniemouth Bypass Project,2024-11-03,2024-11-28,Answered,Guardrail Placement,Ability along test parent article quality amount cut season so crime scientist.,True,25,Civil Engineer,Low,5393.51,Paving,Material Substitution,5
692,East Noahville Bypass Project,2024-12-17,2025-01-09,Open,Bridge Joint Design,Claim my crime the former base start run course dream human.,False,23,Subcontractor,Medium,37193.22,Excavation,Clarification,3
693,Port Rossmouth Bypass Project,2025-01-08,2025-01-17,Closed,Pavement Materials,Leader why country against discuss include professional business thus measure hard item join president specific art buy tough city rather exist assume now seem.,True,9,General Contractor,Medium,13154.98,Excavation,Design Change,3
694,Ashleyfort Bypass Project,2024-11-25,2024-12-15,Answered,Bridge Joint Design,Watch main beautiful month summer medical face evidence performance major system left upon face read the weight partner past environmental thousand peace hair may official.,False,20,DOT Inspector,Medium,47820.63,Inspection,Material Substitution,4
695,South Meredithview Bypass Project,2025-04-13,2025-04-22,Answered,Road Grading,Staff happy senior as possible thought song bag there him technology never how group yard letter yard whatever director.,False,9,Subcontractor,Low,3304.63,Excavation,Clarification,5
696,East Michealland Bypass Project,2024-12-23,2025-01-10,Closed,Guardrail Placement,Fill fight according among prevent three young now order policy by experience southern difference war turn property family walk north yourself happy art.,False,18,Civil Engineer,Low,3826.26,Inspection,Material Substitution,5
697,Lake Charleneshire Bypass Project,2024-12-16,2024-12-24,Answered,Traffic Signage,Practice everyone else hear feeling themselves effort father follow life.,False,8,General Contractor,Low,7226.95,Paving,Design Change,3
698,New Teresa Bypass Project,2025-04-10,2025-05-06,Open,Utility Relocation,Color generation I bar clear above draw everyone happy sort safe manager guess argue machine occur market training during recognize interview citizen through future finally.,True,26,DOT Inspector,High,82184.08,Paving,Design Change,3
699,Kennethburgh Bypass Project,2024-12-13,2024-12-27,Pending Review,Utility Relocation,Wind itself among standard relate generation school hundred television local site movie point anything push.,True,14,General Contractor,Medium,19718.75,Excavation,Design Change,4
700,Port Colin Bypass Project,2024-12-19,2025-01-06,Answered,Stormwater Drainage,These him top blue generation power line or kitchen same maintain such property evening south push.,False,18,Civil Engineer,Low,8651.53,Preconstruction,Clarification,3
701,Mollyport Bypass Project,2025-04-13,2025-05-09,Answered,Soil Compaction,Can itself society writer left husband history provide hotel Mrs task although that city today ground keep.,False,26,Subcontractor,Low,1884.3,Inspection,Material Substitution,5
702,Ryanfurt Bypass Project,2025-03-30,2025-04-11,Closed,Soil Compaction,Not of after type important herself minute couple top area next result job her agree better since less order away.,True,12,Subcontractor,High,93600.44,Paving,Design Change,2
703,North Alan Bypass Project,2025-03-05,2025-04-01,Open,Pavement Materials,Party summer free easy leader phone ahead main method couple stock friend prove fear never message business whom agent difficult top walk.,True,27,Subcontractor,High,161157.83,Excavation,Conflict Resolution,3
704,Johnsonside Bypass Project,2025-03-16,2025-04-14,Open,Stormwater Drainage,Sport sure unit one hit yeah last TV accept through thus street visit.,True,29,General Contractor,Medium,18120.35,Preconstruction,Clarification,5
705,Reevesmouth Bypass Project,2024-12-12,2024-12-28,Answered,Guardrail Placement,Building crime reflect gas tonight a clearly whole skill begin remember among start order ahead article little once.,True,16,Subcontractor,High,166925.56,Inspection,Clarification,4
706,West Judith Bypass Project,2025-03-26,2025-04-04,Pending Review,Utility Relocation,Notice design available consider must eye pretty crime live section doctor effort foot blue may real lot.,False,9,Subcontractor,Medium,19810.28,Paving,Clarification,4
707,Huntside Bypass Project,2025-01-15,2025-02-05,Open,Bridge Joint Design,If sure look show rather say current stuff check book laugh industry response toward difference.,False,21,Civil Engineer,Medium,22004.35,Excavation,Material Substitution,5
708,North Adam Bypass Project,2025-04-07,2025-04-17,Answered,Utility Relocation,Forward same wait up work old partner suddenly visit parent play cut suggest second lawyer both while street.,False,10,Civil Engineer,Medium,24706.9,Paving,Design Change,3
709,West Craigberg Bypass Project,2024-12-23,2025-01-16,Closed,Lane Closures,For because letter bed daughter right drop film glass rather trouble central current determine participant himself join sit.,True,24,General Contractor,High,182262.5,Preconstruction,Material Substitution,2
710,Jerometon Bypass Project,2025-03-01,2025-03-10,Pending Review,Stormwater Drainage,Ago occur effect they position name three leader capital up candidate think once style exactly situation simple watch material how usually somebody.,True,9,DOT Inspector,Medium,17607.98,Paving,Conflict Resolution,2
711,Port Catherineshire Bypass Project,2024-12-07,2024-12-25,Pending Review,Bridge Joint Design,Suggest after south store most health such in let officer successful enough song base cost detail side conference morning off.,False,18,General Contractor,Medium,32130.43,Excavation,Material Substitution,3
712,Billyton Bypass Project,2024-11-07,2024-12-06,Open,Traffic Signage,Change per moment price bit learn leg look decision admit piece range dinner animal late country cost nothing as girl white exist apply just.,True,29,Civil Engineer,Low,9455.33,Preconstruction,Conflict Resolution,5
713,Riversstad Bypass Project,2025-01-18,2025-02-14,Answered,Pavement Materials,Begin easy operation simple material discuss beat employee song anything candidate fast open detail thing candidate someone husband but hit around north your street.,True,27,DOT Inspector,Low,1269.25,Inspection,Design Change,5
714,West Christopher Bypass Project,2024-11-20,2024-12-05,Open,Stormwater Drainage,Rate heart professional present describe million help conference customer what point Mrs across measure set board figure defense.,False,15,Subcontractor,Low,6409.33,Excavation,Clarification,4
715,Steeleburgh Bypass Project,2025-02-19,2025-03-11,Pending Review,Bridge Joint Design,Cold by thus represent enough body board any buy color reality front need Congress meet walk life could.,True,20,Civil Engineer,Medium,16345.01,Inspection,Clarification,5
716,Bethport Bypass Project,2024-12-30,2025-01-08,Answered,Utility Relocation,Need show up wrong window action compare measure road professional home war ball present goal establish tough.,False,9,DOT Inspector,Medium,21915.31,Inspection,Clarification,2
717,New Sylvia Bypass Project,2024-12-30,2025-01-26,Closed,Guardrail Placement,Light for later order require order heavy white art every young local hear like stay medical man real sign shake outside many realize born happen.,False,27,Civil Engineer,High,122763.1,Preconstruction,Conflict Resolution,4
718,Ortizshire Bypass Project,2025-01-11,2025-01-17,Closed,Bridge Joint Design,Arm expect expert book moment serve reduce pressure idea into.,True,6,General Contractor,High,129222.4,Preconstruction,Material Substitution,5
719,Jessicafurt Bypass Project,2025-02-12,2025-02-27,Answered,Road Grading,Product again rich have American forget back magazine determine enjoy happy gas season management process teach east whom view tree offer.,True,15,Subcontractor,Medium,36639.11,Paving,Design Change,3
720,Port Tonya Bypass Project,2025-03-05,2025-03-22,Open,Lane Closures,Here hair from either generation study health top fast economy important answer fight experience look debate behind carry institution since.,True,17,Subcontractor,High,149691.72,Preconstruction,Conflict Resolution,4
721,Lawsonville Bypass Project,2025-01-03,2025-01-12,Pending Review,Road Grading,Should professor necessary employee baby prepare bar step economic always paper bag challenge end feel.,True,9,Civil Engineer,Medium,48562.42,Paving,Conflict Resolution,4
722,Angelachester Bypass Project,2025-04-01,2025-04-19,Pending Review,Utility Relocation,Prove notice maintain than hope room citizen language stand power type sea final hard fine soon film probably relationship ahead seat recently task resource.,False,18,General Contractor,Low,2103.0,Paving,Conflict Resolution,3
723,South Annemouth Bypass Project,2025-02-22,2025-02-25,Pending Review,Stormwater Drainage,Sister heart send there environment fill performance remember child girl really whether final water.,True,3,Subcontractor,Medium,16006.4,Preconstruction,Design Change,5
724,North Garybury Bypass Project,2025-03-24,2025-04-17,Answered,Utility Relocation,Red because show be environmental whether many student entire democratic special able create professor result stay remain great speech civil.,True,24,General Contractor,High,82321.03,Preconstruction,Clarification,4
725,West Seanchester Bypass Project,2025-01-12,2025-02-04,Open,Stormwater Drainage,Have carry financial a room its realize national risk force scene.,False,23,Subcontractor,Medium,16425.68,Paving,Design Change,4
726,North Jeffreytown Bypass Project,2024-11-20,2024-11-23,Answered,Road Grading,Without end time her be kitchen assume view tonight side every fire take.,False,3,Civil Engineer,Medium,39826.01,Inspection,Design Change,3
727,New Kevinshire Bypass Project,2024-11-09,2024-11-25,Pending Review,Bridge Joint Design,Sense or space choose conference continue ever activity per other after hold body success test next walk season trial young full natural provide mean.,True,16,Civil Engineer,High,50051.6,Excavation,Clarification,5
728,Kevintown Bypass Project,2024-12-20,2025-01-16,Answered,Traffic Signage,Tax success whom mind science bit name store eight several simple industry fast box beyond eight bag class blue buy now.,False,27,DOT Inspector,Low,8192.65,Inspection,Conflict Resolution,4
729,Guzmanchester Bypass Project,2025-03-15,2025-03-22,Answered,Traffic Signage,Price education until action pay film realize commercial management age soldier beautiful almost significant in hand mouth adult country use wear himself.,False,7,General Contractor,Low,4760.6,Paving,Design Change,2
730,Jesseborough Bypass Project,2025-04-05,2025-04-26,Pending Review,Guardrail Placement,Region sport notice newspaper ask drive movie eight decide contain throughout those company race natural.,False,21,DOT Inspector,Medium,41575.67,Inspection,Conflict Resolution,2
731,Scottchester Bypass Project,2024-11-06,2024-11-18,Pending Review,Pavement Materials,Nature response call population message owner shake product share meeting price everyone state individual able daughter Mrs baby war.,True,12,DOT Inspector,High,81619.23,Inspection,Conflict Resolution,4
732,Morrishaven Bypass Project,2025-03-31,2025-04-10,Pending Review,Guardrail Placement,Music since power which trip that difference defense single executive appear while note fire stock woman during everything make evening.,True,10,DOT Inspector,Medium,47065.36,Excavation,Design Change,2
733,North Jamieland Bypass Project,2024-12-23,2024-12-27,Pending Review,Bridge Joint Design,Hot result picture begin whether seat bed bill write special military make my most environmental position single sort administration huge whether a knowledge leave.,True,4,Subcontractor,High,113118.23,Inspection,Design Change,4
734,New Josephview Bypass Project,2025-04-12,2025-04-19,Open,Road Grading,With simple add art less art Republican actually traditional six.,True,7,Subcontractor,High,177732.36,Preconstruction,Design Change,5
735,Paultown Bypass Project,2025-01-04,2025-01-15,Open,Stormwater Drainage,Family red agent source economic to recent perform dark unit show.,True,11,Subcontractor,Medium,35085.58,Excavation,Material Substitution,3
736,North Carolineland Bypass Project,2025-02-15,2025-03-07,Open,Traffic Signage,Very beyond south offer serve throughout last attorney civil stop compare in stop major measure middle whatever alone item little shake last culture similar.,False,20,Subcontractor,Medium,43392.71,Preconstruction,Design Change,4
737,Harryhaven Bypass Project,2025-01-18,2025-02-15,Answered,Pavement Materials,Go method today pull wide action good order responsibility region including PM myself.,True,28,Civil Engineer,Medium,20616.91,Inspection,Clarification,2
738,East Melissa Bypass Project,2025-01-18,2025-01-27,Closed,Pavement Materials,Mind less number decision already memory rate finally approach Mrs provide last human concern left knowledge take response reality rock.,True,9,General Contractor,Medium,48731.98,Preconstruction,Clarification,5
739,North Nicholaschester Bypass Project,2024-12-27,2025-01-24,Open,Pavement Materials,Soldier require make difference participant loss night ground born teacher idea long officer industry say project set pretty decade low.,True,28,DOT Inspector,Medium,10944.24,Preconstruction,Clarification,5
740,Masonbury Bypass Project,2025-03-12,2025-03-24,Pending Review,Stormwater Drainage,Produce gun compare charge entire trial occur official research author college.,False,12,Subcontractor,Medium,29423.45,Excavation,Clarification,5
741,Christianmouth Bypass Project,2024-12-01,2024-12-09,Open,Lane Closures,Dark product note about worker provide quite evidence ten catch.,False,8,General Contractor,High,84505.8,Excavation,Design Change,5
742,West Linda Bypass Project,2025-04-10,2025-05-01,Closed,Stormwater Drainage,Source require suffer born send discussion someone move hand popular difference feeling use everybody economy trouble population stand though.,True,21,Subcontractor,High,55966.88,Paving,Conflict Resolution,3
743,Port Kimberly Bypass Project,2025-03-26,2025-04-02,Open,Soil Compaction,Possible stop why company hard hit again safe question social media.,False,7,General Contractor,High,169435.32,Preconstruction,Material Substitution,3
744,Mossland Bypass Project,2024-12-18,2025-01-17,Answered,Stormwater Drainage,Explain surface someone machine time agent truth type approach pull lead.,True,30,DOT Inspector,Medium,20319.97,Paving,Material Substitution,3
745,East Sharonburgh Bypass Project,2025-02-15,2025-02-18,Open,Lane Closures,Someone hard itself line happy international bit help drop relationship start here daughter including stop such then top.,False,3,Civil Engineer,Medium,29883.59,Inspection,Material Substitution,3
746,Smithchester Bypass Project,2025-01-01,2025-01-05,Answered,Stormwater Drainage,Practice song discussion whom operation thus any project contain baby benefit child every alone.,True,4,DOT Inspector,High,87766.29,Excavation,Material Substitution,5
747,Port Bradley Bypass Project,2024-12-09,2024-12-21,Closed,Road Grading,With deal door relationship security guess company challenge health group fly determine very question run.,True,12,Civil Engineer,High,159118.39,Preconstruction,Design Change,3
748,Johntown Bypass Project,2025-01-21,2025-02-10,Pending Review,Lane Closures,Decision push job sport clear store likely economy sound return morning modern other while.,False,20,DOT Inspector,Low,7852.9,Excavation,Design Change,4
749,South Stephaniemouth Bypass Project,2025-02-16,2025-03-10,Answered,Road Grading,Agree same cultural order executive although base that them lawyer foreign top opportunity cultural effect travel buy.,True,22,General Contractor,High,157321.88,Paving,Conflict Resolution,2
750,South Ericahaven Bypass Project,2024-11-10,2024-12-07,Closed,Lane Closures,Late cut see edge surface question rise experience together company government.,False,27,Subcontractor,Medium,20595.25,Paving,Clarification,4
751,Gutierrezmouth Bypass Project,2025-01-29,2025-02-25,Answered,Stormwater Drainage,Soon single model base action including tax bank goal expect enough meet area.,True,27,Civil Engineer,High,134879.98,Inspection,Clarification,3
752,Tamarahaven Bypass Project,2024-12-13,2025-01-03,Pending Review,Traffic Signage,Same executive building computer American treat home walk phone prove recent husband stop bed sea event ability manager eye possible summer level.,True,21,General Contractor,Medium,29487.21,Paving,Design Change,3
753,North Samantha Bypass Project,2024-11-06,2024-11-09,Answered,Lane Closures,Program dark in marriage low market eat business administration painting least arrive imagine Republican number prove.,True,3,DOT Inspector,High,116227.58,Inspection,Material Substitution,2
754,Johnnyberg Bypass Project,2024-12-24,2025-01-12,Closed,Utility Relocation,Do turn situation poor say rate push consider despite surface rule phone better strong college.,True,19,Subcontractor,Medium,38556.33,Inspection,Conflict Resolution,4
755,Angelaside Bypass Project,2025-04-12,2025-04-21,Open,Traffic Signage,Expect eye evidence treatment indeed term reality purpose not cultural check stay thank many care fish time provide west lawyer short bill true.,False,9,DOT Inspector,Low,9420.47,Paving,Conflict Resolution,5
756,North Chadburgh Bypass Project,2025-01-21,2025-02-08,Answered,Utility Relocation,Party since least system know official interview election gun girl too same finish analysis serve impact.,False,18,General Contractor,Medium,47461.01,Preconstruction,Material Substitution,5
757,Mariatown Bypass Project,2025-01-13,2025-01-25,Answered,Traffic Signage,Traditional national environmental anything they add father nice notice discuss wrong.,True,12,DOT Inspector,Medium,49936.16,Excavation,Clarification,3
758,Ashleyborough Bypass Project,2025-03-20,2025-03-29,Pending Review,Guardrail Placement,Machine every ground I drug perform serve tell when black on.,True,9,General Contractor,Medium,29814.47,Paving,Material Substitution,4
759,Rogersport Bypass Project,2024-12-14,2024-12-27,Pending Review,Lane Closures,Choose drive security scientist view billion environment end or act action price military another.,False,13,DOT Inspector,Low,4983.96,Inspection,Clarification,2
760,Reneeland Bypass Project,2025-04-05,2025-04-14,Answered,Utility Relocation,Lay fight single free office return beautiful population tree to ball piece if east human however quality parent son teacher staff positive water remember only.,True,9,Subcontractor,Medium,38264.21,Excavation,Clarification,5
761,Greenshire Bypass Project,2024-12-02,2024-12-16,Pending Review,Utility Relocation,Size approach democratic thank report government policy boy past sure find of stuff impact either song drive different color reason similar food send.,True,14,General Contractor,Medium,47264.53,Preconstruction,Material Substitution,5
762,New Joshua Bypass Project,2025-02-14,2025-02-24,Open,Traffic Signage,Office say until end describe reason attention physical system discuss north same beat wide little trip age common top.,False,10,Civil Engineer,Medium,27813.85,Excavation,Conflict Resolution,5
763,West Sandrachester Bypass Project,2025-03-02,2025-03-29,Open,Road Grading,Former maintain little grow education city throw leave member heart person much focus coach.,False,27,DOT Inspector,Low,3715.97,Preconstruction,Material Substitution,4
764,North Jerryfurt Bypass Project,2025-04-03,2025-04-21,Open,Guardrail Placement,Role car raise leg fear and allow want service arm environment know surface measure floor assume reality.,True,18,General Contractor,Medium,41846.86,Inspection,Clarification,5
765,Maxwellshire Bypass Project,2025-01-29,2025-02-11,Pending Review,Soil Compaction,Produce expect kitchen physical magazine shoulder note figure exactly item reveal southern hand bad though manage think environmental in agent.,True,13,DOT Inspector,High,137883.29,Paving,Conflict Resolution,4
766,Meaganmouth Bypass Project,2025-01-01,2025-01-19,Answered,Guardrail Placement,Themselves once attack together few friend direction may land travel meeting since cost public since officer upon reason lawyer glass check.,True,18,Civil Engineer,Medium,48531.57,Inspection,Clarification,4
767,Millerfort Bypass Project,2024-12-02,2024-12-28,Answered,Bridge Joint Design,Hope alone economy style anyone recent letter wish pull nothing already country.,False,26,Subcontractor,Medium,22975.13,Paving,Clarification,4
768,Walterside Bypass Project,2025-03-13,2025-04-04,Pending Review,Traffic Signage,Free white police only represent discuss car born tell management political late loss across allow parent cause fire.,True,22,DOT Inspector,Medium,11081.86,Inspection,Material Substitution,3
769,Lake Frederick Bypass Project,2025-02-09,2025-03-02,Pending Review,Traffic Signage,Character around simply majority ball over left fish control debate economy hit who why theory capital best day cup to man effect simple commercial.,True,21,General Contractor,Medium,20496.19,Preconstruction,Conflict Resolution,4
770,Holdenside Bypass Project,2025-02-24,2025-03-11,Answered,Soil Compaction,Five manager answer factor space must hotel able which probably create mind beautiful necessary clear consider.,True,15,Civil Engineer,Medium,42677.31,Paving,Design Change,5
771,Katiechester Bypass Project,2025-02-10,2025-03-08,Pending Review,Bridge Joint Design,Military yeah clearly and leader receive notice on international wrong team begin all activity three as fund door western right bar bar middle arm.,False,26,Civil Engineer,Medium,12431.34,Inspection,Design Change,2
772,West Robertview Bypass Project,2025-01-14,2025-01-18,Closed,Soil Compaction,Drive general eat news technology run serious method political hard need tax learn college region police itself end individual figure section TV.,False,4,General Contractor,Medium,11187.23,Preconstruction,Design Change,3
773,Johnsonmouth Bypass Project,2025-01-07,2025-01-25,Open,Pavement Materials,Position data various site before goal issue read upon eat risk.,True,18,Civil Engineer,Medium,28392.51,Preconstruction,Conflict Resolution,4
774,Lake Samantha Bypass Project,2025-02-22,2025-03-23,Open,Soil Compaction,Boy never floor race choice most area small away increase where should.,True,29,Civil Engineer,Medium,15090.15,Inspection,Clarification,5
775,Oconnorberg Bypass Project,2025-04-01,2025-04-08,Answered,Utility Relocation,Everyone special piece impact conference water pull experience all sort media including north town management offer deep.,True,7,Subcontractor,Low,8675.61,Inspection,Design Change,3
776,Port Mckenzie Bypass Project,2024-11-09,2024-11-20,Open,Soil Compaction,Theory unit religious expert build company environment effect several environment big arrive gas hot machine hear major main.,True,11,Subcontractor,Low,7015.53,Inspection,Material Substitution,3
777,Johnathanshire Bypass Project,2025-01-06,2025-01-29,Answered,Stormwater Drainage,President certainly as occur language television American state control receive important.,True,23,Civil Engineer,Medium,39747.01,Paving,Material Substitution,2
778,East Lesliestad Bypass Project,2024-11-25,2024-12-04,Open,Guardrail Placement,Rest fear hear true employee attention student theory me anything dream head upon pretty also attorney throw break risk group magazine although.,False,9,Civil Engineer,Medium,12910.56,Excavation,Design Change,3
779,New Andrew Bypass Project,2024-11-20,2024-12-06,Answered,Guardrail Placement,Many project instead like hot single old plant give stock work call man politics traditional owner both agreement image without least to able hit.,True,16,Civil Engineer,High,193796.92,Inspection,Conflict Resolution,5
780,North Kimberly Bypass Project,2024-11-12,2024-11-22,Closed,Pavement Materials,Tax age experience side option dinner turn field with seat baby ago age require value military agency few among world and.,False,10,General Contractor,Low,3097.85,Preconstruction,Conflict Resolution,3
781,North Barbarachester Bypass Project,2025-03-25,2025-04-19,Closed,Utility Relocation,Music table exactly not statement probably building alone guess peace top wrong three season.,False,25,DOT Inspector,Low,9608.65,Inspection,Material Substitution,2
782,Liufurt Bypass Project,2025-01-03,2025-01-25,Answered,Pavement Materials,Woman fall benefit tend oil area dark hit evidence author adult before citizen good policy husband hard wish other media.,False,22,General Contractor,Medium,35741.97,Excavation,Conflict Resolution,2
783,Meganview Bypass Project,2025-03-03,2025-03-06,Answered,Pavement Materials,Defense spring must box idea shake face feel here whatever main throw time significant yeah develop get church almost.,False,3,DOT Inspector,High,64153.08,Preconstruction,Clarification,5
784,Port Lesliebury Bypass Project,2025-01-31,2025-02-22,Closed,Soil Compaction,Last mention tell team finally how lot represent end whether population necessary fact skill recent prepare serve of happy.,False,22,Civil Engineer,Low,7284.49,Paving,Material Substitution,5
785,New Nathanmouth Bypass Project,2024-12-18,2025-01-11,Pending Review,Utility Relocation,Discussion record machine little culture central any as music within reason forward through step what opportunity standard off in reduce for accept a responsibility.,True,24,General Contractor,High,89896.85,Paving,Material Substitution,4
786,Christophermouth Bypass Project,2025-04-11,2025-04-27,Open,Bridge Joint Design,These author people single part process capital after sport then garden like region task religious give city wife our others race.,False,16,General Contractor,Low,8100.49,Preconstruction,Material Substitution,4
787,Port Douglasburgh Bypass Project,2025-03-18,2025-03-29,Open,Stormwater Drainage,Gun friend care small require he room community standard indicate boy example seek job keep whose evening tough its media.,True,11,DOT Inspector,High,183815.83,Excavation,Design Change,2
788,South Leslie Bypass Project,2024-12-25,2025-01-14,Open,Lane Closures,Western knowledge surface become physical agreement possible mother gun decade information imagine end imagine performance hit have sell song worry.,False,20,Civil Engineer,Medium,16206.93,Paving,Design Change,5
789,West Dustinville Bypass Project,2025-01-28,2025-02-02,Answered,Traffic Signage,Culture people partner turn art use politics born create her discuss anything house.,True,5,Subcontractor,Medium,40089.95,Inspection,Material Substitution,3
790,South Michellebury Bypass Project,2024-12-02,2024-12-30,Open,Road Grading,Lose effort professional film Republican authority how energy capital result share watch process buy others treat man character during.,True,28,DOT Inspector,Low,9955.0,Paving,Clarification,4
791,Burtonburgh Bypass Project,2024-11-14,2024-12-06,Answered,Lane Closures,Teacher how decade enough run anyone teacher right to dark produce painting or similar though.,True,22,DOT Inspector,Medium,44650.89,Paving,Conflict Resolution,2
792,Rodriguezstad Bypass Project,2025-04-05,2025-04-16,Closed,Lane Closures,Claim any face page attack charge food see team close there party democratic above story out close protect item whom property.,True,11,DOT Inspector,Medium,18330.73,Preconstruction,Conflict Resolution,5
793,Caseytown Bypass Project,2024-11-26,2024-12-22,Closed,Traffic Signage,Race avoid feel company ten particularly above head without within big prevent visit detail.,True,26,Subcontractor,Medium,18940.98,Inspection,Conflict Resolution,4
794,North Kelsey Bypass Project,2025-03-18,2025-04-02,Closed,Soil Compaction,Less act maybe share than bill yourself cell low floor whom floor.,True,15,DOT Inspector,High,196194.1,Preconstruction,Design Change,4
795,Hernandezborough Bypass Project,2024-11-08,2024-11-21,Pending Review,Stormwater Drainage,Much think big reason another actually hold mention probably open with create food else all several simply size.,True,13,DOT Inspector,Low,9552.18,Excavation,Material Substitution,2
796,Deanville Bypass Project,2025-03-31,2025-04-11,Open,Guardrail Placement,Since idea left walk area least nearly artist brother hospital those truth radio choose natural sign probably describe star local she.,False,11,Subcontractor,Low,1854.57,Paving,Material Substitution,4
797,South Nancy Bypass Project,2025-04-03,2025-04-20,Answered,Soil Compaction,Hard discuss bit parent bit avoid process student nearly small none far sort realize market it speech above garden government.,True,17,DOT Inspector,Medium,13318.61,Preconstruction,Clarification,3
798,East Cassie Bypass Project,2024-12-12,2025-01-05,Answered,Traffic Signage,Create look particular source enough customer worker evidence affect how easy painting force whatever among sell contain some little.,False,24,Civil Engineer,Medium,23459.05,Paving,Conflict Resolution,2
799,New Katherineport Bypass Project,2025-04-07,2025-04-24,Pending Review,Utility Relocation,Dinner budget pass join store drive ask sport office better region five last raise fall again.,True,17,DOT Inspector,Low,2153.14,Preconstruction,Conflict Resolution,3
800,New Amyberg Bypass Project,2024-11-19,2024-12-01,Closed,Pavement Materials,Spring return or TV popular door near science speak life today experience civil public on exactly.,False,12,DOT Inspector,Low,5339.23,Paving,Conflict Resolution,3
801,South Steven Bypass Project,2025-02-07,2025-03-06,Closed,Lane Closures,Even can government Congress road agree itself property even chance carry apply strategy.,True,27,Civil Engineer,Medium,18159.53,Paving,Conflict Resolution,5
802,Andrewside Bypass Project,2025-01-04,2025-01-10,Open,Pavement Materials,Form take whatever east detail professional space hot nature need building eight nation wear agree weight.,True,6,General Contractor,High,147731.73,Preconstruction,Conflict Resolution,2
803,Kennethfurt Bypass Project,2025-02-16,2025-03-11,Closed,Guardrail Placement,Spend home me economic claim actually particularly simply economy everyone best since free economy serious Mrs feel feel back.,False,23,Civil Engineer,Medium,19853.12,Preconstruction,Conflict Resolution,5
804,Simmonsport Bypass Project,2024-11-08,2024-12-08,Open,Stormwater Drainage,Suddenly make because language ok defense professional during who cultural news message describe significant.,True,30,DOT Inspector,Medium,42951.0,Inspection,Clarification,3
805,South Jason Bypass Project,2025-03-08,2025-04-06,Pending Review,Guardrail Placement,Baby cause whatever improve price establish food whole attention story class along this could success note lose weight man truth number.,False,29,Subcontractor,Low,4509.76,Inspection,Clarification,3
806,North Michaelshire Bypass Project,2025-01-08,2025-01-24,Pending Review,Road Grading,Cut attack news thing threat compare voice exist three really collection home show consumer identify several result win without employee really character economic development policy.,False,16,DOT Inspector,Low,8968.69,Inspection,Clarification,3
807,Cynthiafurt Bypass Project,2025-01-25,2025-02-10,Closed,Utility Relocation,Drop ability image industry ask society be question long modern wide address should way PM.,False,16,Subcontractor,Low,3266.1,Inspection,Material Substitution,2
808,New Melindaburgh Bypass Project,2025-02-08,2025-03-06,Open,Pavement Materials,Toward this race room side tend unit chair agree window him could foot.,False,26,Subcontractor,Low,9785.97,Preconstruction,Conflict Resolution,3
809,Lake Michelle Bypass Project,2024-12-20,2025-01-04,Open,Road Grading,Among source myself present company mind pattern sea condition item detail look ground series final price.,True,15,Subcontractor,Medium,29408.08,Inspection,Conflict Resolution,3
810,Gillville Bypass Project,2024-11-20,2024-12-13,Closed,Road Grading,Nearly my far study interview environment media around much require or project them avoid you hotel develop best authority health.,False,23,Subcontractor,Low,2915.77,Excavation,Material Substitution,2
811,Elizabethport Bypass Project,2025-04-09,2025-04-14,Answered,Stormwater Drainage,Use collection maintain particularly thousand family when another product edge Congress plan free wrong bad food for build too scene song letter together.,True,5,Civil Engineer,Medium,23891.75,Inspection,Material Substitution,4
812,Kruegerburgh Bypass Project,2025-03-10,2025-04-04,Closed,Utility Relocation,Avoid research law score go hotel under final those couple manage east tell day administration mean ten throw contain dog.,False,25,DOT Inspector,Low,6552.74,Paving,Clarification,3
813,Katherineside Bypass Project,2025-01-11,2025-01-23,Answered,Lane Closures,Long couple sound sport financial deal idea national window nothing Democrat establish example director today front support consumer remember discover fill security method eight.,False,12,DOT Inspector,Low,8312.21,Excavation,Material Substitution,5
814,Micheletown Bypass Project,2024-12-02,2024-12-09,Closed,Lane Closures,Central could there whose pressure fear spend senior nice may still citizen kind ask worker it scene clear soon security finally.,True,7,General Contractor,Medium,21317.45,Preconstruction,Conflict Resolution,4
815,New Ellenmouth Bypass Project,2024-12-03,2024-12-09,Answered,Soil Compaction,Hospital eye any work report Democrat term receive movement others husband agency test machine share show.,True,6,Civil Engineer,Medium,13913.51,Inspection,Clarification,5
816,Port Stephanie Bypass Project,2025-03-10,2025-03-17,Closed,Bridge Joint Design,Walk bill white statement myself final task summer actually apply cold return seat throw suffer light back TV then.,True,7,Civil Engineer,Medium,24697.91,Excavation,Design Change,3
817,Port Connie Bypass Project,2024-12-27,2025-01-25,Open,Stormwater Drainage,Argue over capital growth generation help take when wind themselves share minute make buy fish charge central citizen turn or up professional.,False,29,DOT Inspector,Low,4814.75,Excavation,Clarification,4
818,Lake Melissa Bypass Project,2025-01-12,2025-02-09,Closed,Guardrail Placement,Moment policy administration out long speech north of call begin weight put simply us question general exactly.,True,28,General Contractor,Medium,40412.41,Preconstruction,Conflict Resolution,4
819,Robertton Bypass Project,2024-11-10,2024-11-16,Open,Bridge Joint Design,Simply serve adult will same management whose tree sort within recent let impact hotel will maintain tell political form policy democratic build senior dream.,True,6,General Contractor,High,166492.52,Preconstruction,Clarification,5
820,Port Angelashire Bypass Project,2024-12-31,2025-01-16,Open,Bridge Joint Design,Various religious government police suggest something consider police control assume long under material health goal ten tell employee significant home offer both.,True,16,General Contractor,Medium,22035.8,Excavation,Material Substitution,5
821,Brownton Bypass Project,2024-11-18,2024-11-22,Pending Review,Bridge Joint Design,Lay past discussion civil cell of measure anything its sort including son.,False,4,Civil Engineer,Medium,48313.9,Preconstruction,Material Substitution,5
822,West James Bypass Project,2025-01-09,2025-02-08,Closed,Utility Relocation,Discover western bill too traditional today near crime truth movement light.,True,30,General Contractor,Medium,46040.49,Excavation,Material Substitution,4
823,Parkerfurt Bypass Project,2025-02-20,2025-02-25,Answered,Soil Compaction,Executive force coach small box however stage consider cell situation staff attention class thank according just.,True,5,Civil Engineer,Medium,35810.44,Excavation,Material Substitution,5
824,Rodriguezside Bypass Project,2025-01-19,2025-02-11,Answered,Traffic Signage,Task rich everyone admit board travel agree left past amount feel place.,False,23,Civil Engineer,Low,2394.29,Excavation,Conflict Resolution,4
825,Whitneyfort Bypass Project,2024-12-18,2025-01-05,Closed,Lane Closures,Country seek current wonder party game simply parent but must across minute laugh cut ready almost exist girl edge talk image town learn speech hospital.,False,18,DOT Inspector,Low,6331.52,Paving,Conflict Resolution,5
826,West Kevin Bypass Project,2025-03-14,2025-03-18,Closed,Pavement Materials,Especially relationship ball generation continue our pass citizen week back and leader place finally quite build sort growth reason right heavy he picture peace.,True,4,DOT Inspector,Low,2141.17,Inspection,Conflict Resolution,2
827,Alvarezstad Bypass Project,2025-02-25,2025-03-24,Pending Review,Guardrail Placement,Budget building fine amount if heavy white develop see life phone no law support three traditional.,False,27,General Contractor,High,107206.04,Excavation,Clarification,3
828,New Paul Bypass Project,2025-04-13,2025-04-29,Pending Review,Pavement Materials,Positive occur than travel walk tax while month then public cause cell surface.,False,16,Civil Engineer,Medium,40340.8,Inspection,Material Substitution,4
829,East Heather Bypass Project,2024-12-22,2025-01-19,Pending Review,Traffic Signage,Who some budget program seven box red thing once can teacher sound town board enough right message approach discussion help Congress example see.,False,28,General Contractor,Medium,49566.63,Preconstruction,Material Substitution,2
830,West Eric Bypass Project,2024-11-11,2024-11-15,Answered,Bridge Joint Design,Others I man concern ahead fund technology standard contain than possible.,False,4,General Contractor,Low,1735.52,Paving,Clarification,2
831,Ryanfurt Bypass Project,2025-02-12,2025-03-07,Answered,Lane Closures,Party improve collection expect ready which factor almost him heart fast allow middle pull myself question back discussion reveal could moment physical.,True,23,Subcontractor,Medium,40830.85,Inspection,Conflict Resolution,3
832,Stephenburgh Bypass Project,2025-03-02,2025-03-05,Open,Soil Compaction,Street director cell television task physical action old a society treat all mother individual central improve his bag you resource take today dream.,True,3,DOT Inspector,Medium,33569.38,Paving,Design Change,4
833,Port Erica Bypass Project,2024-12-16,2024-12-19,Pending Review,Lane Closures,Sense glass get nothing edge western feel not perhaps detail perhaps national smile source true tough policy lawyer three provide cell.,False,3,Subcontractor,Low,9637.69,Inspection,Material Substitution,3
834,New Marciaborough Bypass Project,2025-04-07,2025-04-24,Answered,Lane Closures,Position return choice sit simply nature whose cup agreement environmental deal beautiful development health yeah under.,False,17,DOT Inspector,Low,9382.97,Preconstruction,Clarification,3
835,Kimville Bypass Project,2025-04-02,2025-04-19,Pending Review,Road Grading,Development draw program yeah nice animal tough bank fear way even including contain whatever federal expect customer sign.,False,17,Civil Engineer,Low,7369.96,Excavation,Conflict Resolution,5
836,South Jeff Bypass Project,2025-01-15,2025-02-07,Open,Lane Closures,Training TV ever begin scientist three against reflect open throughout decide whom impact remember.,True,23,Civil Engineer,High,139231.46,Preconstruction,Conflict Resolution,2
837,Lake Christineborough Bypass Project,2025-04-06,2025-04-25,Pending Review,Road Grading,Trade more blue cultural upon until finally yes fill minute manager this surface his check newspaper who region activity economic level.,False,19,General Contractor,Medium,41180.78,Preconstruction,Material Substitution,2
838,Markborough Bypass Project,2025-04-07,2025-05-02,Pending Review,Bridge Joint Design,Represent deep good small two where already walk young question same like require best see change generation make what.,True,25,DOT Inspector,Medium,24730.93,Inspection,Material Substitution,2
839,Castanedafort Bypass Project,2024-11-27,2024-12-21,Pending Review,Utility Relocation,Defense despite grow serve third expect interesting approach suddenly provide first.,True,24,Subcontractor,Low,8501.49,Excavation,Design Change,3
840,North Cheryl Bypass Project,2025-02-13,2025-03-03,Answered,Guardrail Placement,Around assume Mrs high her deal form through require better against onto stand what stock push.,False,18,Civil Engineer,Low,1221.1,Inspection,Material Substitution,5
841,Merrittview Bypass Project,2024-12-13,2024-12-29,Open,Traffic Signage,Worker win crime speech thus imagine audience source customer Congress yard also fight score despite it trouble call service inside themselves visit.,True,16,Subcontractor,High,116954.21,Inspection,Conflict Resolution,4
842,Floydstad Bypass Project,2025-03-06,2025-03-15,Closed,Road Grading,Land son black movement despite often live trip deal wish sure reduce although mind president case may skill dream forget.,True,9,General Contractor,Low,7503.95,Inspection,Clarification,4
843,North Rebeccaport Bypass Project,2025-01-15,2025-01-19,Closed,Utility Relocation,Hold figure another identify generation power whom run state sit agree role western very poor seek yes usually center one employee author recent.,True,4,DOT Inspector,High,125827.91,Preconstruction,Conflict Resolution,3
844,Freyport Bypass Project,2025-03-06,2025-04-04,Open,Traffic Signage,Range energy represent understand myself imagine suffer sell full seven music.,True,29,Civil Engineer,High,125985.4,Inspection,Clarification,5
845,Toddbury Bypass Project,2025-01-02,2025-01-18,Closed,Soil Compaction,Raise medical rise per action open meet government happy sure how vote myself.,True,16,DOT Inspector,Medium,36946.66,Preconstruction,Design Change,3
846,West Michaelfort Bypass Project,2025-03-27,2025-04-17,Open,Guardrail Placement,Bed TV history loss certain require onto accept the movie need technology else pass identify situation.,False,21,Civil Engineer,Low,6213.26,Excavation,Design Change,2
847,North Raymondton Bypass Project,2025-02-11,2025-03-03,Closed,Lane Closures,Officer enough seem style story heavy different participant director recognize send practice.,True,20,Civil Engineer,Medium,20662.34,Excavation,Material Substitution,2
848,East Stephen Bypass Project,2024-11-01,2024-11-26,Pending Review,Utility Relocation,Finally goal room agreement cell past relate oil process support add great indeed fly cold it at why authority discuss.,True,25,Civil Engineer,Low,1278.04,Inspection,Design Change,3
849,Lake Scott Bypass Project,2025-03-17,2025-04-02,Pending Review,Stormwater Drainage,Official me talk future situation trouble door nearly hot quickly wait young everything east realize tax of have accept evening fast sport recognize north.,True,16,Subcontractor,Medium,20352.97,Paving,Conflict Resolution,3
850,Port Laurenville Bypass Project,2024-12-10,2025-01-05,Answered,Pavement Materials,Government up beautiful of offer century nation billion rate outside management any hold.,True,26,DOT Inspector,Medium,27944.7,Inspection,Material Substitution,3
851,Fitzgeraldchester Bypass Project,2025-02-21,2025-03-09,Answered,Road Grading,Series first health upon usually bring two start marriage address interview rest oil at.,True,16,General Contractor,Medium,44398.26,Inspection,Conflict Resolution,2
852,New Johnland Bypass Project,2025-02-18,2025-03-19,Pending Review,Stormwater Drainage,Player town until recognize either line southern allow here here exactly back ok media bit adult board coach plant full record move gas play.,True,29,DOT Inspector,Medium,41388.23,Inspection,Conflict Resolution,5
853,Lake Hannahchester Bypass Project,2024-11-12,2024-12-10,Pending Review,Bridge Joint Design,Subject thus rule position treat choice take middle each short call other executive officer under.,False,28,Civil Engineer,Medium,10087.28,Excavation,Clarification,4
854,Port Lindaburgh Bypass Project,2024-12-01,2024-12-17,Pending Review,Stormwater Drainage,Begin inside until physical environmental since cut big have mention painting style establish out receive whom drop special leader.,True,16,Civil Engineer,High,70150.79,Inspection,Clarification,4
855,New Annette Bypass Project,2024-11-18,2024-11-26,Open,Lane Closures,Manage spend former may color heart perhaps never pass civil.,False,8,Subcontractor,Low,4604.21,Excavation,Conflict Resolution,5
856,West Laura Bypass Project,2024-12-11,2024-12-15,Pending Review,Road Grading,Attack more government type buy particularly past doctor partner business national simple father happen.,False,4,General Contractor,Medium,10059.08,Paving,Design Change,5
857,Castillofort Bypass Project,2025-01-03,2025-01-24,Closed,Road Grading,Effect form else catch very point industry approach tell turn can student popular like.,False,21,General Contractor,Medium,38647.79,Excavation,Clarification,2
858,Santosfurt Bypass Project,2024-12-06,2024-12-22,Pending Review,Lane Closures,Audience statement five everyone involve agreement size animal score not system boy last enter visit third.,False,16,Subcontractor,Medium,33240.37,Excavation,Conflict Resolution,4
859,New Misty Bypass Project,2025-02-17,2025-03-01,Open,Road Grading,Suffer crime model card more home take half arrive street board measure guy east everything together soon.,False,12,Subcontractor,Low,4495.23,Preconstruction,Material Substitution,5
860,East Sheilaborough Bypass Project,2024-12-23,2025-01-18,Open,Guardrail Placement,Nature where increase garden star source according seek speech operation name line day game wind likely health former.,False,26,Civil Engineer,Medium,33120.84,Excavation,Material Substitution,4
861,Davidside Bypass Project,2025-03-11,2025-04-05,Closed,Utility Relocation,Race five population option chair memory benefit guy risk place western a mean simply upon have certainly.,True,25,Civil Engineer,High,153571.51,Excavation,Clarification,2
862,Josephview Bypass Project,2024-11-02,2024-11-25,Closed,Guardrail Placement,Radio study where per also possible around although according happy bad read support newspaper unit you form pattern enjoy free option plan.,True,23,Civil Engineer,Medium,47933.09,Inspection,Design Change,3
863,Jessicaberg Bypass Project,2025-04-09,2025-05-06,Open,Utility Relocation,Then less we not agreement issue western hear treatment subject focus company area too ten become fear describe oil decide administration subject enough ok.,True,27,Subcontractor,High,71599.48,Preconstruction,Design Change,2
864,Robinsonmouth Bypass Project,2025-04-06,2025-04-28,Closed,Pavement Materials,Phone hope population true treatment tend range truth single again him image artist sort structure indicate week bar call color turn.,True,22,General Contractor,Medium,27208.46,Inspection,Conflict Resolution,3
865,Howardmouth Bypass Project,2025-04-03,2025-04-07,Closed,Soil Compaction,Once building want present book store out white big about trip seem process international style explain something former front should land.,False,4,Civil Engineer,Medium,41624.9,Paving,Material Substitution,2
866,East Alexandrashire Bypass Project,2025-03-05,2025-04-04,Answered,Traffic Signage,House billion themselves art more expect point hotel eat agreement power account plant find national station.,True,30,Civil Engineer,High,78088.39,Paving,Design Change,4
867,New Robertland Bypass Project,2025-02-19,2025-02-26,Pending Review,Guardrail Placement,Brother top force physical to size major factor security fast entire occur pay film section.,True,7,Subcontractor,High,52284.15,Paving,Clarification,4
868,East Jennifer Bypass Project,2024-11-30,2024-12-08,Open,Lane Closures,Too away series church spring me back company all theory hair thought.,False,8,Civil Engineer,Medium,32461.18,Preconstruction,Conflict Resolution,2
869,New Amanda Bypass Project,2025-04-14,2025-05-06,Open,Bridge Joint Design,These store difference win score might or wear large suggest agreement security me recently fish.,False,22,DOT Inspector,Medium,12101.89,Excavation,Clarification,2
870,Kaufmanmouth Bypass Project,2025-02-15,2025-03-01,Pending Review,Stormwater Drainage,Partner people machine visit laugh lot according large yes like live growth condition choose who describe focus almost.,False,14,DOT Inspector,Medium,11592.13,Preconstruction,Material Substitution,5
871,Loriport Bypass Project,2025-01-29,2025-02-27,Pending Review,Utility Relocation,Think agree rise try admit site control office partner represent fill per season time people environmental before maybe.,True,29,Civil Engineer,Medium,11829.2,Inspection,Material Substitution,2
872,New Joseph Bypass Project,2024-11-12,2024-11-28,Answered,Road Grading,Available it make serve room support evening pass put action begin successful relate sense seek law sometimes.,False,16,Civil Engineer,Low,8208.1,Excavation,Conflict Resolution,5
873,Sharonberg Bypass Project,2024-11-30,2024-12-19,Open,Guardrail Placement,Purpose beyond rise century past term center interesting want hit news son out.,True,19,DOT Inspector,High,135943.97,Inspection,Material Substitution,4
874,Laurenhaven Bypass Project,2024-12-16,2024-12-20,Closed,Pavement Materials,Agent hope discussion hour keep long do rise foot method design member report red claim.,True,4,Subcontractor,High,74490.91,Excavation,Design Change,5
875,South Andrew Bypass Project,2024-11-12,2024-12-08,Open,Guardrail Placement,Involve they data friend song picture feeling guy baby support many relate bit treatment professional daughter these party city.,True,26,Civil Engineer,Medium,15861.38,Excavation,Design Change,5
876,Mortonfort Bypass Project,2025-02-09,2025-03-04,Answered,Road Grading,Think building his live huge move toward these what fill protect result none debate future member argue our toward only.,True,23,General Contractor,Medium,40537.34,Preconstruction,Conflict Resolution,2
877,North Tammyton Bypass Project,2024-12-02,2024-12-24,Open,Guardrail Placement,Effect less specific media create song scientist stand happen yeah administration picture hair charge.,False,22,Subcontractor,Low,2609.56,Preconstruction,Conflict Resolution,2
878,Port Elizabethborough Bypass Project,2024-11-12,2024-11-15,Pending Review,Road Grading,Late must sound especially traditional use well popular address point final political partner some expert often board.,True,3,DOT Inspector,Medium,14164.76,Excavation,Design Change,2
879,Susanshire Bypass Project,2025-03-13,2025-03-22,Answered,Bridge Joint Design,Hospital represent direction drop fire ready recognize realize certain authority truth sport heavy write quite draw body cover ready indeed.,False,9,DOT Inspector,Medium,18807.94,Inspection,Material Substitution,5
880,Melissamouth Bypass Project,2024-12-05,2024-12-13,Answered,Traffic Signage,Set walk tree unit mouth either media finally physical American somebody character growth base put camera special smile listen.,True,8,Subcontractor,High,116512.8,Preconstruction,Clarification,2
881,Veronicabury Bypass Project,2024-12-05,2024-12-15,Pending Review,Soil Compaction,Ground what discuss establish direction sign majority mean personal three beat house walk rise debate range.,False,10,DOT Inspector,Medium,41224.66,Inspection,Material Substitution,2
882,East Michael Bypass Project,2025-02-26,2025-03-23,Pending Review,Guardrail Placement,Affect trip ago security institution affect size every purpose money wish direction.,False,25,Subcontractor,Low,7355.01,Excavation,Material Substitution,5
883,Navarroton Bypass Project,2025-01-29,2025-02-05,Open,Bridge Joint Design,Number class expect fill begin young back lose upon career say social number improve three onto change of general daughter cut old consider.,True,7,Subcontractor,High,162496.91,Preconstruction,Material Substitution,2
884,New Robertberg Bypass Project,2024-12-31,2025-01-28,Answered,Soil Compaction,Garden dream fall world religious month kitchen letter so new else business actually air difficult particular part identify everything say candidate hair hair.,False,28,Civil Engineer,Low,4319.56,Excavation,Conflict Resolution,3
885,Jeffreybury Bypass Project,2024-12-01,2024-12-06,Pending Review,Pavement Materials,Western help discuss go step all onto series thousand view fast trip wall can.,True,5,DOT Inspector,Medium,21993.2,Preconstruction,Clarification,3
886,Katherineview Bypass Project,2024-12-15,2025-01-14,Closed,Guardrail Placement,Morning society huge tend visit wish yard management serious control bed call.,False,30,DOT Inspector,High,87405.07,Excavation,Conflict Resolution,5
887,Scottland Bypass Project,2025-02-24,2025-03-03,Answered,Utility Relocation,Leave safe customer meeting by several send truth growth opportunity new ask social memory quite budget contain.,True,7,Subcontractor,Medium,48272.19,Paving,Design Change,2
888,New John Bypass Project,2025-03-05,2025-03-23,Closed,Stormwater Drainage,Range figure sing building become main dinner foot yard speak manage safe who teach apply thought son meeting most source real thus leave draw.,False,18,Civil Engineer,High,79880.85,Preconstruction,Clarification,5
889,Jenniferville Bypass Project,2024-12-19,2025-01-16,Closed,Stormwater Drainage,Close blue office travel situation five last no north story argue ahead certain all kitchen generation hold hundred work.,True,28,DOT Inspector,Medium,21381.05,Inspection,Design Change,2
890,Mollyshire Bypass Project,2024-11-26,2024-12-23,Open,Pavement Materials,Month information force back community whose rate during ten glass receive sense three be born seven threat.,False,27,Civil Engineer,Medium,19392.69,Preconstruction,Conflict Resolution,4
891,Richardberg Bypass Project,2025-03-14,2025-03-18,Open,Lane Closures,Well standard bill traditional tough new finally her deal responsibility spring opportunity politics bill air apply say might several try.,False,4,Civil Engineer,Low,3346.86,Excavation,Clarification,2
892,Russellshire Bypass Project,2025-01-12,2025-02-01,Open,Guardrail Placement,True sing then whether however not ago movement service item director game raise answer party method he policy probably.,False,20,Subcontractor,Low,2942.36,Inspection,Clarification,2
893,Port Erin Bypass Project,2025-01-10,2025-01-27,Pending Review,Soil Compaction,Rather agreement market second group both think same same TV detail eight ask design response describe less think represent.,False,17,Civil Engineer,Low,6759.95,Paving,Clarification,2
894,Jenkinsburgh Bypass Project,2024-11-30,2024-12-08,Answered,Bridge Joint Design,North cut year hundred live during if number story tend run newspaper Democrat weight from language nearly word north present hundred.,True,8,Civil Engineer,High,86475.3,Excavation,Design Change,4
895,Port Anthonyshire Bypass Project,2025-03-02,2025-03-08,Pending Review,Guardrail Placement,Site start again much land eye possible author human doctor strong wear.,True,6,DOT Inspector,Medium,28921.31,Excavation,Material Substitution,5
896,Port Brandon Bypass Project,2025-02-23,2025-02-28,Pending Review,Guardrail Placement,Catch say stay rather person decide west one address happy western past Republican city song drive.,False,5,General Contractor,Low,6329.31,Paving,Clarification,3
897,Jesseland Bypass Project,2025-01-21,2025-02-12,Open,Pavement Materials,Reduce level friend material figure leg represent several listen arrive middle though require condition.,True,22,DOT Inspector,High,186480.67,Preconstruction,Material Substitution,2
898,Burnsberg Bypass Project,2024-11-19,2024-12-16,Answered,Stormwater Drainage,Health early air forget cut walk officer sell board fish identify add.,False,27,General Contractor,High,52021.21,Excavation,Clarification,3
899,Kyleburgh Bypass Project,2025-04-04,2025-04-29,Answered,Bridge Joint Design,Too discussion hold Democrat yeah religious important that care daughter first audience decision newspaper teacher central now past attack main official light operation with.,False,25,Civil Engineer,Low,2858.29,Excavation,Conflict Resolution,4
900,Kennethmouth Bypass Project,2025-03-12,2025-03-17,Closed,Guardrail Placement,Develop look capital raise certain force decide center agreement lead indeed serious popular cost identify last quite owner.,False,5,Subcontractor,Medium,13795.63,Excavation,Design Change,3
901,South Adammouth Bypass Project,2025-03-26,2025-03-31,Open,Bridge Joint Design,Hotel security charge great road spend control how last performance usually seat statement turn serve rise remain whether add too carry success future.,True,5,Civil Engineer,High,78362.3,Excavation,Conflict Resolution,3
902,New Williammouth Bypass Project,2025-01-13,2025-02-02,Pending Review,Utility Relocation,Scene represent nation drive those able art shake detail yet run boy dinner family picture guy of next.,True,20,Civil Engineer,Medium,22318.7,Inspection,Material Substitution,5
903,Adamsberg Bypass Project,2025-01-16,2025-01-25,Open,Stormwater Drainage,Matter detail free end join process special there purpose front require reality democratic tree store cost per form out tree century imagine myself among statement.,False,9,Civil Engineer,Low,9168.7,Inspection,Conflict Resolution,2
904,Lake Nicholas Bypass Project,2025-04-10,2025-04-23,Answered,Bridge Joint Design,Drug woman firm worker movie take family he both fill sound improve available brother walk face black feeling church treatment various author every political sort.,True,13,Subcontractor,High,142893.44,Preconstruction,Conflict Resolution,3
905,Port Brendaview Bypass Project,2025-01-29,2025-02-03,Closed,Traffic Signage,Once find action size account group cover fund true language foreign possible language long here choose enjoy wind plant fish top for sometimes human.,True,5,DOT Inspector,Medium,40040.01,Preconstruction,Conflict Resolution,5
906,Tashaview Bypass Project,2024-11-25,2024-12-10,Pending Review,Lane Closures,Trial drug unit born democratic another book player serve send as friend black begin style film hard writer medical.,False,15,DOT Inspector,Low,6041.66,Excavation,Design Change,3
907,Brianbury Bypass Project,2025-02-23,2025-02-26,Open,Lane Closures,Physical drop guess father yet to college put seek lawyer common.,True,3,Civil Engineer,Medium,49764.04,Inspection,Clarification,5
908,North Johnhaven Bypass Project,2025-01-17,2025-02-03,Pending Review,Lane Closures,Cold task player rule rise next reflect common government age hour ball six on office us stage part just design environment hair.,True,17,Subcontractor,High,196194.28,Paving,Conflict Resolution,5
909,Jamesmouth Bypass Project,2025-01-14,2025-01-26,Open,Road Grading,Pm within listen ability senior agency box theory true out social theory radio concern fill yes.,False,12,General Contractor,Medium,45845.57,Preconstruction,Material Substitution,5
910,East Davidberg Bypass Project,2025-04-02,2025-04-25,Answered,Traffic Signage,Design agree least know poor why form second positive customer performance contain likely create plant author decision.,True,23,Subcontractor,Medium,40286.15,Preconstruction,Clarification,4
911,East Nancytown Bypass Project,2025-01-09,2025-01-18,Answered,Guardrail Placement,Your in everybody away design appear moment old level hear agree employee wide pay here building.,False,9,Subcontractor,Medium,30654.5,Excavation,Clarification,3
912,Cookfurt Bypass Project,2025-03-28,2025-04-16,Open,Soil Compaction,Defense whether important glass loss school voice among local alone less city building lawyer difference.,False,19,Subcontractor,Medium,39962.89,Excavation,Design Change,2
913,Raymondmouth Bypass Project,2025-02-17,2025-03-05,Answered,Traffic Signage,Evening bar music church everybody box international factor without me black protect allow see remain for director relationship once offer about professional.,True,16,Civil Engineer,High,185115.66,Excavation,Conflict Resolution,5
914,Michaelfort Bypass Project,2024-11-03,2024-12-02,Pending Review,Guardrail Placement,Perform leg begin education easy reduce brother reduce view chance or look one surface structure Democrat.,True,29,Civil Engineer,Medium,37441.62,Inspection,Design Change,3
915,Zacharybury Bypass Project,2025-03-26,2025-04-06,Closed,Road Grading,Race population these rise according interest authority grow unit he himself you win north participant scientist agree edge tend.,False,11,General Contractor,Medium,13536.86,Paving,Material Substitution,2
916,North Andrewchester Bypass Project,2025-03-04,2025-03-30,Open,Pavement Materials,Full continue low change price our marriage oil poor age stuff open feel officer season reveal I power get special window improve free note.,True,26,Subcontractor,Medium,32151.13,Paving,Clarification,3
917,Port Christinahaven Bypass Project,2025-02-26,2025-03-20,Closed,Road Grading,Test would long senior four food require build beautiful around your consider tree international anyone Mrs follow.,False,22,Civil Engineer,Medium,39207.19,Inspection,Material Substitution,5
918,Michaelfort Bypass Project,2024-11-23,2024-12-09,Open,Guardrail Placement,Table catch agree control participant hundred media here several Congress you rock ahead cover prove major avoid top company safe baby well.,False,16,Civil Engineer,Low,6034.81,Preconstruction,Clarification,3
919,Lake Cristinaville Bypass Project,2025-04-14,2025-05-11,Answered,Road Grading,Financial science get activity read less sound question radio beyond fish dog wish up.,True,27,Civil Engineer,Medium,46978.14,Inspection,Clarification,5
920,Floydton Bypass Project,2025-01-24,2025-02-10,Open,Bridge Joint Design,Crime product media admit true value beautiful determine question girl eat list school serve will share film finish say.,False,17,Subcontractor,Low,7859.83,Preconstruction,Design Change,2
921,New Travis Bypass Project,2025-04-12,2025-05-08,Answered,Road Grading,Set economic various run financial church her into fire miss magazine owner health full try.,False,26,Subcontractor,Low,6441.66,Preconstruction,Material Substitution,5
922,New Mariahmouth Bypass Project,2025-02-27,2025-03-28,Answered,Guardrail Placement,Worker key quickly culture nearly outside air throw recognize job final argue book partner tough former unit reason answer such world meeting all really.,True,29,Subcontractor,Low,8824.84,Inspection,Material Substitution,3
923,Emmabury Bypass Project,2025-01-19,2025-01-23,Pending Review,Pavement Materials,Trade happy rate rest sport off visit anything take less past individual after popular point history order board onto appear hope at market civil.,False,4,Civil Engineer,Low,9651.88,Excavation,Material Substitution,5
924,West Williamville Bypass Project,2025-01-04,2025-01-17,Closed,Guardrail Placement,Buy election move morning who memory speech my plant several international past major shoulder conference exactly loss require officer difference nothing eight above enough.,False,13,Civil Engineer,Low,9933.83,Excavation,Clarification,3
925,Michellefort Bypass Project,2025-02-26,2025-03-12,Closed,Soil Compaction,Safe rise kind various their bit under age away stage however speak general.,True,14,Civil Engineer,Medium,40176.06,Excavation,Design Change,4
926,New Christopher Bypass Project,2025-02-13,2025-03-01,Answered,Soil Compaction,Remain early draw level material clear wind public travel life tough determine consumer those.,True,16,Civil Engineer,Medium,23097.23,Paving,Conflict Resolution,3
927,North Kristina Bypass Project,2024-12-11,2024-12-16,Answered,Traffic Signage,System financial live way adult could add leader science political theory inside authority trouble cause media modern building save.,True,5,DOT Inspector,Medium,11367.27,Inspection,Material Substitution,3
928,Julieton Bypass Project,2025-04-04,2025-04-23,Open,Bridge Joint Design,Should here near surface black they billion during many similar front professional benefit physical order remember study indicate change administration leader economy car.,True,19,DOT Inspector,Low,4622.72,Paving,Clarification,2
929,West Johnville Bypass Project,2025-04-10,2025-04-29,Open,Traffic Signage,Thing interview long say discuss defense treatment interview care real necessary Mr toward marriage answer.,False,19,DOT Inspector,Medium,22215.62,Excavation,Design Change,4
930,West Donaldfort Bypass Project,2024-11-13,2024-11-28,Open,Pavement Materials,Cost remember already off debate war nor here inside sing several available process little plan stock director other plant kind want story table.,True,15,Subcontractor,Medium,15351.02,Paving,Design Change,2
931,Carrieton Bypass Project,2025-02-18,2025-03-02,Closed,Lane Closures,Box real generation improve media back pick yes enter seven citizen hope seven consumer too order dog world prepare.,True,12,Civil Engineer,Low,5744.89,Excavation,Conflict Resolution,4
932,Shaneborough Bypass Project,2024-12-01,2024-12-27,Answered,Lane Closures,Responsibility whose often herself outside drive build low occur four green together marriage music.,True,26,Civil Engineer,High,149338.49,Inspection,Conflict Resolution,2
933,East Andrew Bypass Project,2025-02-05,2025-03-06,Pending Review,Traffic Signage,Focus fear success way unit these condition down tough opportunity great land enjoy so us citizen floor hundred lay reveal strong.,True,29,Civil Engineer,Medium,48595.94,Preconstruction,Clarification,5
934,Yorkside Bypass Project,2025-03-17,2025-04-03,Closed,Pavement Materials,Help civil national discover nearly better as surface Mrs all within example gas administration real down where anyone.,True,17,General Contractor,Medium,45066.41,Paving,Design Change,4
935,Jamesborough Bypass Project,2025-02-03,2025-02-08,Answered,Bridge Joint Design,Leader black prove present number star concern same nice break simply matter own.,True,5,Civil Engineer,Low,9359.2,Preconstruction,Clarification,2
936,Timothystad Bypass Project,2025-03-27,2025-04-24,Pending Review,Traffic Signage,Adult become woman value rock group man financial opportunity toward home building analysis size.,False,28,DOT Inspector,Medium,32204.45,Preconstruction,Conflict Resolution,4
937,Shawport Bypass Project,2025-02-01,2025-02-24,Answered,Guardrail Placement,Speech wall employee goal outside sign give guess student because meet something source evidence right ok food capital.,True,23,DOT Inspector,High,97231.47,Inspection,Design Change,5
938,Smithport Bypass Project,2025-04-04,2025-04-13,Pending Review,Stormwater Drainage,Skill notice specific after source bit quickly form test very difficult federal former instead what party.,False,9,Civil Engineer,Medium,32113.23,Paving,Design Change,2
939,Taraborough Bypass Project,2024-12-17,2024-12-29,Pending Review,Lane Closures,Garden way action president daughter order deep short write statement just paper law treatment newspaper picture.,False,12,General Contractor,Low,3870.28,Inspection,Design Change,5
940,Austinmouth Bypass Project,2024-12-10,2024-12-29,Answered,Guardrail Placement,Myself former age entire close have rule director coach example right city receive message popular hard high give character.,True,19,DOT Inspector,High,134301.72,Inspection,Conflict Resolution,4
941,Josephmouth Bypass Project,2024-12-12,2025-01-08,Pending Review,Soil Compaction,Compare lot agent hour hard could here world shake worry everything air anyone cup own country strong offer alone structure expert front my.,True,27,General Contractor,Medium,45829.41,Inspection,Design Change,4
942,Michaelburgh Bypass Project,2025-03-04,2025-03-28,Closed,Stormwater Drainage,Tax difficult follow city community box special compare little ever drug still play happen visit impact save.,False,24,Civil Engineer,Low,8743.36,Excavation,Material Substitution,5
943,Robertland Bypass Project,2025-01-03,2025-01-23,Open,Guardrail Placement,Nearly argue relationship treatment and trip positive clear certain war part daughter grow I remain.,False,20,Civil Engineer,Low,6594.41,Inspection,Material Substitution,5
944,Lake Amy Bypass Project,2025-03-09,2025-03-31,Open,Lane Closures,Over international become everything message main news rule floor the claim unit but air law can them anyone least myself.,True,22,DOT Inspector,High,144859.34,Preconstruction,Clarification,3
945,North Christopher Bypass Project,2025-01-01,2025-01-07,Open,Guardrail Placement,Star can use religious bar election fine somebody these hand cover lay fact other morning leader fear any wide American heart however fear leave money.,True,6,General Contractor,Medium,25181.18,Preconstruction,Design Change,2
946,New Michelle Bypass Project,2025-01-13,2025-01-30,Open,Bridge Joint Design,Decide western body upon direction run capital might a country next Mrs control can history might.,True,17,Subcontractor,Medium,16166.68,Excavation,Clarification,4
947,Lake Gabrielleview Bypass Project,2024-11-15,2024-12-07,Open,Bridge Joint Design,Success your though because us forget top interest over history exist well whom will.,False,22,DOT Inspector,Low,4886.03,Excavation,Material Substitution,5
948,Ortizbury Bypass Project,2025-01-22,2025-02-07,Pending Review,Road Grading,Final set know recognize head training style nothing whole even tell else water change read television development contain.,False,16,Subcontractor,Low,4183.64,Excavation,Design Change,5
949,North Kevinview Bypass Project,2025-03-30,2025-04-16,Closed,Road Grading,Painting full nor section nation detail amount both sing something seven.,True,17,Civil Engineer,Medium,39170.45,Paving,Design Change,2
950,Port Patricia Bypass Project,2024-12-26,2025-01-15,Closed,Bridge Joint Design,Field scene child indeed practice fire young shoulder home just.,True,20,General Contractor,Medium,21970.91,Excavation,Material Substitution,4
951,Lake Justinberg Bypass Project,2025-02-13,2025-03-09,Pending Review,Stormwater Drainage,Citizen matter even amount cost activity phone score notice field top attack garden provide change degree common material.,True,24,DOT Inspector,High,150159.93,Paving,Conflict Resolution,5
952,Clarkfort Bypass Project,2024-12-29,2025-01-12,Open,Pavement Materials,Clear vote individual parent organization tax list within maintain development build three within ten buy kind.,True,14,Civil Engineer,High,190957.06,Preconstruction,Design Change,5
953,East Michael Bypass Project,2025-03-21,2025-04-15,Open,Pavement Materials,Term summer now speak memory number black all idea control save follow clearly body.,True,25,Subcontractor,Medium,12385.7,Excavation,Conflict Resolution,5
954,North Maryfort Bypass Project,2024-11-25,2024-12-21,Pending Review,Bridge Joint Design,Beat final without million owner different lay let pretty buy pass certain.,True,26,DOT Inspector,Medium,11257.01,Paving,Clarification,4
955,Pearsonstad Bypass Project,2025-03-27,2025-04-12,Answered,Pavement Materials,Upon share news which size year class she along determine low us practice form measure house matter yes energy character two.,False,16,DOT Inspector,Low,6591.73,Paving,Material Substitution,5
956,West Laurentown Bypass Project,2025-01-27,2025-02-15,Closed,Stormwater Drainage,Reach entire top move protect explain heavy himself way number factor place road although.,True,19,Civil Engineer,Low,7859.03,Excavation,Conflict Resolution,2
957,Patricialand Bypass Project,2025-01-29,2025-02-19,Closed,Soil Compaction,Data happen possible memory dark off administration PM us picture start set interesting board couple similar still sit ago.,True,21,General Contractor,Medium,13046.38,Preconstruction,Conflict Resolution,2
958,Wareville Bypass Project,2024-11-23,2024-12-02,Open,Traffic Signage,Relationship hit left card ok hope wait along those car interview TV draw nature world challenge yes main military military.,True,9,Civil Engineer,Medium,48510.08,Paving,Design Change,3
959,Sherrybury Bypass Project,2025-01-22,2025-01-28,Closed,Bridge Joint Design,Major do year think talk college apply bag rest could sure food still source response.,True,6,General Contractor,High,199532.7,Inspection,Clarification,2
960,New Perry Bypass Project,2025-01-19,2025-01-26,Answered,Soil Compaction,Loss staff medical but mean could leg phone hard travel capital car return they as from.,False,7,Subcontractor,Medium,24429.85,Preconstruction,Material Substitution,4
961,Andersonfurt Bypass Project,2025-03-16,2025-04-08,Pending Review,Pavement Materials,Book stock federal reduce top despite property candidate dream wrong fire law.,True,23,Subcontractor,High,137481.1,Paving,Clarification,4
962,Leberg Bypass Project,2025-02-12,2025-03-08,Closed,Bridge Joint Design,Only how rule decide subject knowledge large watch side young leave assume entire school much better building hear help ten help time each great.,False,24,Civil Engineer,Low,8393.36,Inspection,Conflict Resolution,4
963,South Mollyville Bypass Project,2025-02-04,2025-02-21,Closed,Road Grading,How strategy brother author role indicate lead medical picture not oil study everybody maintain service.,False,17,Civil Engineer,High,144326.82,Excavation,Conflict Resolution,3
964,Robertsshire Bypass Project,2025-03-16,2025-04-14,Closed,Traffic Signage,Risk in way room land bank consumer fall environment standard its arm through first give simply again commercial same.,True,29,Civil Engineer,Medium,36514.19,Paving,Design Change,3
965,Port Jennifermouth Bypass Project,2025-03-16,2025-04-04,Pending Review,Utility Relocation,Wall start affect might also deal yard field wide south one parent phone plan thousand anyone than third at wait kid.,True,19,General Contractor,Medium,33052.75,Paving,Conflict Resolution,2
966,New Philipland Bypass Project,2025-03-26,2025-04-04,Closed,Pavement Materials,Guess low use recognize international maintain me look happen herself question question understand tough third upon.,True,9,Subcontractor,Medium,44989.14,Preconstruction,Design Change,2
967,Lake Cheryl Bypass Project,2025-04-06,2025-04-15,Open,Lane Closures,Entire leave pull drug foreign meet process itself mean green so media more act chance along former much short main term because statement recognize.,False,9,Subcontractor,Medium,17990.18,Paving,Conflict Resolution,3
968,Rachelborough Bypass Project,2025-02-11,2025-03-08,Pending Review,Lane Closures,Cause research own contain sister choice he economy well consider position.,False,25,DOT Inspector,Low,1603.3,Preconstruction,Conflict Resolution,3
969,New Christina Bypass Project,2024-11-12,2024-12-08,Answered,Guardrail Placement,Defense international support believe specific we law career plan popular this program rise check plant threat sport girl particular top summer.,False,26,Civil Engineer,Medium,29432.03,Preconstruction,Material Substitution,2
970,South Richardtown Bypass Project,2024-12-17,2025-01-10,Answered,Guardrail Placement,Nature light serve mission add according project food program foot page example expect nothing ask away receive make.,True,24,DOT Inspector,Medium,24878.9,Excavation,Material Substitution,3
971,Murphyshire Bypass Project,2025-01-13,2025-01-23,Pending Review,Pavement Materials,Yard finish upon coach carry later include then loss challenge service.,False,10,Subcontractor,Low,9213.64,Excavation,Design Change,2
972,Jenniferstad Bypass Project,2025-04-08,2025-04-26,Pending Review,Utility Relocation,Democratic think increase about morning parent outside structure evidence community pretty southern very realize past heart.,False,18,General Contractor,Medium,42124.47,Excavation,Conflict Resolution,2
973,Thompsonview Bypass Project,2025-03-26,2025-04-15,Answered,Lane Closures,Whole anything buy back bring figure body market enjoy decade action role society employee from citizen maybe cost.,False,20,Subcontractor,Medium,24190.9,Preconstruction,Material Substitution,2
974,Valerieville Bypass Project,2024-11-12,2024-11-27,Answered,Soil Compaction,Reflect talk TV newspaper herself floor painting whose on already energy quality window smile time contain brother yes very when.,True,15,General Contractor,High,89087.99,Inspection,Clarification,4
975,Daughertyborough Bypass Project,2025-03-08,2025-04-02,Pending Review,Guardrail Placement,Join price property free as idea general official boy may table put particularly force.,True,25,DOT Inspector,Medium,37296.51,Inspection,Design Change,3
976,Gamblefort Bypass Project,2024-11-27,2024-12-14,Answered,Lane Closures,Walk certainly today under pattern debate three shoulder sell heavy boy hear investment attorney house those partner actually same benefit travel vote.,True,17,DOT Inspector,Low,1016.6,Inspection,Conflict Resolution,5
977,Petersonborough Bypass Project,2025-03-26,2025-03-31,Answered,Utility Relocation,Myself make economic conference practice decade author along career human ready three response hit what history leg worry city month paper.,True,5,General Contractor,Low,3258.48,Preconstruction,Clarification,3
978,Roblesport Bypass Project,2025-03-03,2025-04-02,Pending Review,Road Grading,Approach amount few life night also morning network throw itself goal population in their.,True,30,Civil Engineer,High,121393.02,Paving,Design Change,2
979,Port Roberto Bypass Project,2025-02-06,2025-03-06,Closed,Traffic Signage,Fish decade data skin also job run small common up nearly involve which ground until north ahead specific smile season talk people.,False,28,Subcontractor,High,160925.67,Preconstruction,Material Substitution,4
980,Kentborough Bypass Project,2024-11-23,2024-11-26,Answered,Utility Relocation,Nor build section rate recent institution box table red house themselves whether almost.,True,3,Subcontractor,Medium,16275.06,Preconstruction,Design Change,5
981,Port Aliciachester Bypass Project,2025-02-24,2025-03-14,Closed,Pavement Materials,General final purpose central push light similar kitchen local firm you until consider.,False,18,Subcontractor,High,89840.87,Excavation,Design Change,5
982,East David Bypass Project,2025-03-20,2025-04-06,Pending Review,Stormwater Drainage,Senior cut program Republican above form sense add head bring ball later respond single entire indicate friend own whole.,True,17,General Contractor,Medium,48724.08,Paving,Conflict Resolution,4
983,North Logan Bypass Project,2025-03-05,2025-04-03,Open,Road Grading,Surface ground box reveal test last hundred less tax hotel rise support person none physical course over sit.,False,29,Subcontractor,Low,6686.89,Excavation,Clarification,4
984,New Tammystad Bypass Project,2024-11-02,2024-11-15,Open,Utility Relocation,Analysis across set activity white father ability black power seat skin sell professor popular trip size bar.,False,13,Subcontractor,Low,4324.0,Excavation,Conflict Resolution,3
985,Butlerbury Bypass Project,2025-03-18,2025-04-08,Closed,Guardrail Placement,Shoulder friend institution international quality meeting treatment part education concern else believe put necessary others save choice least.,False,21,DOT Inspector,Low,5798.02,Preconstruction,Material Substitution,2
986,New Stacy Bypass Project,2024-12-05,2024-12-24,Answered,Bridge Joint Design,Threat this catch thousand be pretty mean institution town join several very head artist sense wind size usually head question test ask.,False,19,General Contractor,Low,5766.23,Paving,Conflict Resolution,4
987,New Ericland Bypass Project,2024-11-16,2024-11-30,Pending Review,Pavement Materials,Sign second chair million before wide score bit next budget word listen chance person role study mention.,True,14,DOT Inspector,Medium,31596.12,Preconstruction,Material Substitution,2
988,West Ryanburgh Bypass Project,2024-12-05,2025-01-03,Closed,Lane Closures,Society other present cold though list ok least team best.,True,29,DOT Inspector,Medium,30877.07,Preconstruction,Design Change,5
989,West Ricardo Bypass Project,2025-03-09,2025-04-03,Answered,Lane Closures,Produce decide boy hot star political assume vote majority group operation.,False,25,Civil Engineer,Low,4651.47,Preconstruction,Material Substitution,4
990,Port Deborahfurt Bypass Project,2025-01-03,2025-01-27,Answered,Bridge Joint Design,Rise provide west fight top friend single picture music participant.,True,24,DOT Inspector,Medium,28363.0,Preconstruction,Clarification,2
991,Port Brittany Bypass Project,2025-04-09,2025-04-27,Closed,Guardrail Placement,Must only kitchen major business purpose space record rather house news decide after military should give officer whether view look consumer.,True,18,Civil Engineer,Medium,35309.32,Preconstruction,Design Change,4
992,East David Bypass Project,2024-11-27,2024-12-21,Answered,Lane Closures,Describe gun reflect whole Democrat should onto pay like attention everything class computer six know pay quite cultural professor than yet free three.,False,24,Civil Engineer,Medium,33937.22,Paving,Design Change,4
993,Port David Bypass Project,2024-11-24,2024-12-06,Pending Review,Lane Closures,Free type Congress use situation heart stop onto yourself establish few line cut role dinner management we yourself yard necessary right voice think bed.,False,12,Civil Engineer,High,169716.59,Inspection,Material Substitution,4
994,Port Philliptown Bypass Project,2025-02-15,2025-02-24,Closed,Stormwater Drainage,Along together decide option these American through resource job likely bag head decade hope tax available already Mrs share type four.,False,9,Subcontractor,Low,7721.82,Inspection,Material Substitution,5
995,Lisamouth Bypass Project,2025-01-07,2025-01-16,Open,Guardrail Placement,Per network why activity letter assume south ago may morning reduce since culture think process thank across charge.,True,9,Civil Engineer,Medium,22961.12,Excavation,Clarification,2
996,East Jennifer Bypass Project,2025-02-24,2025-03-10,Answered,Utility Relocation,Movie firm read present tell although seem quality key air.,True,14,Civil Engineer,High,147606.93,Preconstruction,Clarification,5
997,South Laurashire Bypass Project,2025-01-28,2025-02-18,Pending Review,Guardrail Placement,Threat painting just her catch probably base girl safe every from road ago piece vote.,True,21,General Contractor,Medium,42869.9,Inspection,Design Change,4
998,South Michael Bypass Project,2024-11-27,2024-12-25,Open,Utility Relocation,Compare degree imagine chance rise return improve mind decide thought do state line when law.,True,28,DOT Inspector,High,73981.18,Inspection,Clarification,5
999,Lake Joan Bypass Project,2025-01-18,2025-01-26,Pending Review,Lane Closures,Tonight exactly outside young summer left glass recent final single manager huge enjoy rich body live half late glass them day now almost.,True,8,Subcontractor,Low,5653.21,Preconstruction,Material Substitution,5
1000,Smithstad Bypass Project,2025-03-07,2025-03-12,Closed,Guardrail Placement,Put explain citizen environment daughter TV school room hand production trial man region especially easy vote child beautiful task learn health course child year.,True,5,General Contractor,High,181536.23,Excavation,Clarification,3
1001,North James Bypass Project,2025-01-17,2025-01-27,Closed,Traffic Signage,Father affect ago attack cover bad stock situation card imagine mind bit compare whom art political case.,False,10,DOT Inspector,Medium,14567.06,Paving,Material Substitution,3
1002,Jasminetown Bypass Project,2024-12-11,2024-12-26,Answered,Pavement Materials,Suggest type health trial box use son miss day not live yard mind him example small bit wife price could know.,True,15,Civil Engineer,Medium,33005.23,Inspection,Conflict Resolution,3
1003,East Kevin Bypass Project,2025-03-03,2025-03-11,Answered,Stormwater Drainage,Today short call school dog young consider task its suggest those of society represent move year line away senior by.,False,8,Subcontractor,Low,5820.72,Paving,Clarification,2
1004,Andersonborough Bypass Project,2025-04-08,2025-04-14,Open,Utility Relocation,These about lot remain phone interesting force become cultural nature lawyer somebody seem way.,True,6,Civil Engineer,Medium,41878.35,Inspection,Clarification,2
1005,East Robert Bypass Project,2024-11-12,2024-11-22,Closed,Utility Relocation,Dream cover this word another create behavior institution law general sign.,True,10,Civil Engineer,High,60638.9,Preconstruction,Clarification,3
1006,Emilymouth Bypass Project,2025-02-22,2025-02-27,Open,Traffic Signage,Water maintain likely line lose control truth owner eat include despite long training feel.,True,5,DOT Inspector,High,104696.03,Inspection,Design Change,2
1007,Atkinsbury Bypass Project,2025-01-07,2025-01-13,Answered,Guardrail Placement,Also involve such claim right capital today less deal some power agent nature east pick away painting wind financial.,True,6,Subcontractor,High,54421.16,Inspection,Material Substitution,5
1008,Christopherstad Bypass Project,2025-03-30,2025-04-21,Pending Review,Stormwater Drainage,Direction lot believe decision than chance traditional little six develop smile two sea stage think second shake carry challenge.,True,22,Civil Engineer,Low,6824.13,Inspection,Conflict Resolution,4
1009,Kellystad Bypass Project,2025-01-31,2025-02-12,Open,Traffic Signage,Cold design federal add cut individual attack tonight really bill natural boy subject whatever.,False,12,Civil Engineer,Low,1847.26,Preconstruction,Conflict Resolution,2
1010,Josephborough Bypass Project,2025-04-06,2025-04-13,Open,Pavement Materials,Probably image identify out day compare full sure admit experience likely color must.,True,7,General Contractor,High,186257.58,Paving,Conflict Resolution,4
1011,North Kathryn Bypass Project,2025-02-06,2025-03-08,Open,Soil Compaction,Call next month between society car happen maybe lot all cost affect before success possible high song eat.,False,30,Civil Engineer,Medium,12997.57,Paving,Clarification,3
1012,Crawfordburgh Bypass Project,2025-03-03,2025-03-30,Answered,Guardrail Placement,Agreement treatment young instead better she opportunity I create can include must onto lead soon sit myself raise subject.,False,27,Civil Engineer,Medium,31934.75,Paving,Design Change,2
1013,North Derrick Bypass Project,2025-01-24,2025-02-07,Answered,Traffic Signage,Teacher budget relate drop body bill appear final generation lose discuss.,False,14,General Contractor,Low,3658.85,Inspection,Material Substitution,2
1014,Smithchester Bypass Project,2024-12-16,2024-12-20,Pending Review,Road Grading,Beyond sister professor without public idea form include result budget together knowledge time approach event degree when his everybody.,True,4,DOT Inspector,Low,3711.76,Paving,Material Substitution,4
1015,Lake Jerry Bypass Project,2025-04-05,2025-04-30,Open,Bridge Joint Design,Man interview maintain what want size nature hard long coach floor control pull consider pull easy anything material page to sense.,False,25,Civil Engineer,High,123156.47,Excavation,Material Substitution,3
1016,Port Juliaburgh Bypass Project,2024-11-09,2024-11-23,Answered,Road Grading,Fine and politics growth itself nothing camera teach sport candidate how follow may several boy various candidate issue walk while.,True,14,DOT Inspector,Medium,11346.3,Inspection,Clarification,3
1017,West John Bypass Project,2025-02-12,2025-03-04,Pending Review,Lane Closures,Certainly country hundred event condition represent society role material face party sport deep suggest kind impact generation difficult time.,True,20,DOT Inspector,Medium,13109.35,Preconstruction,Conflict Resolution,2
1018,Christianville Bypass Project,2025-01-13,2025-01-29,Pending Review,Utility Relocation,Model young rise grow sell study return claim cover year ask walk listen real food building upon church.,False,16,Subcontractor,Medium,36520.96,Inspection,Design Change,5
1019,Moorechester Bypass Project,2024-11-01,2024-11-04,Open,Stormwater Drainage,Real offer another ready skill education budget understand same rather let war range.,True,3,Subcontractor,High,198026.13,Inspection,Conflict Resolution,4
1020,Saramouth Bypass Project,2025-01-18,2025-01-25,Pending Review,Guardrail Placement,Level attack step coach place person area expert before argue consider thank onto help explain.,True,7,Subcontractor,Medium,16656.43,Inspection,Clarification,3
1021,Port Belinda Bypass Project,2024-11-04,2024-11-15,Answered,Lane Closures,See consumer sea reduce do across official stay deep event sign Congress organization maintain help such Mrs power around Republican door music account.,True,11,General Contractor,High,188512.82,Paving,Clarification,5
1022,Alvinburgh Bypass Project,2024-12-16,2025-01-04,Open,Road Grading,Interest opportunity will season job protect too name floor miss pressure between real not I leave standard most various service.,True,19,Subcontractor,High,62088.43,Inspection,Conflict Resolution,5
1023,Bensonhaven Bypass Project,2025-01-26,2025-02-08,Answered,Pavement Materials,Law generation picture reflect page four entire energy accept return against night especially relate movement kid before bar various.,False,13,DOT Inspector,Medium,20452.48,Paving,Conflict Resolution,5
1024,Brookeberg Bypass Project,2024-11-01,2024-11-11,Answered,Bridge Joint Design,Thousand station probably wind threat candidate relate according baby then think audience research left television ok several hour trade believe magazine such.,True,10,Civil Engineer,High,166113.36,Inspection,Conflict Resolution,5
1025,West Dawn Bypass Project,2024-12-13,2025-01-09,Open,Pavement Materials,Generation despite daughter hospital among away culture more choice customer quickly he somebody recognize start woman sit society clearly officer major table where late.,False,27,Subcontractor,Medium,14346.56,Inspection,Conflict Resolution,4
1026,Port Heatherchester Bypass Project,2025-02-10,2025-03-08,Open,Guardrail Placement,Bag everybody four black group here member what never when thousand firm structure behavior service onto term natural expect worry describe item game material.,False,26,Civil Engineer,Low,6348.95,Excavation,Clarification,5
1027,Stephensonmouth Bypass Project,2025-01-28,2025-02-05,Pending Review,Soil Compaction,Him deep pretty miss act actually enjoy be partner sure none life while.,True,8,General Contractor,Medium,41625.52,Preconstruction,Design Change,5
1028,Bakertown Bypass Project,2025-03-30,2025-04-17,Pending Review,Utility Relocation,Blood fine indeed improve address inside prevent site suffer practice once evidence political try society.,True,18,Civil Engineer,Medium,23653.91,Inspection,Design Change,4
1029,South Taylorview Bypass Project,2025-02-06,2025-02-19,Open,Road Grading,Result Mrs form without modern around indicate there carry system former red above TV authority spend walk explain board.,False,13,DOT Inspector,High,97992.81,Preconstruction,Clarification,3
1030,Grayfurt Bypass Project,2025-03-28,2025-04-09,Open,Stormwater Drainage,Business executive fine star help arrive there late international finally clearly color consumer way close spend involve kid day hand.,False,12,General Contractor,Medium,14976.57,Preconstruction,Design Change,2
1031,Port Kyleville Bypass Project,2025-03-17,2025-04-08,Pending Review,Lane Closures,Member his visit author dinner require oil debate the current day view security take factor data sit fire century.,False,22,Civil Engineer,Medium,13278.16,Excavation,Design Change,2
1032,Port Michaelbury Bypass Project,2025-03-18,2025-04-08,Pending Review,Traffic Signage,Ability east enjoy leader course respond many myself music ready never Congress court central memory yard animal important program military identify finally late both.,True,21,Subcontractor,High,122645.56,Preconstruction,Material Substitution,4
1033,Tiffanychester Bypass Project,2025-03-01,2025-03-07,Pending Review,Guardrail Placement,Range worker way child something religious job respond cup training benefit bar inside its two particular ball wrong north themselves range their PM.,False,6,Civil Engineer,Medium,13559.65,Excavation,Conflict Resolution,4
1034,Michaeltown Bypass Project,2025-03-08,2025-03-16,Answered,Stormwater Drainage,Ready student discover technology issue trial likely parent even eye somebody hit edge significant price.,False,8,Civil Engineer,High,81532.57,Paving,Material Substitution,3
1035,North Laura Bypass Project,2024-11-29,2024-12-05,Open,Lane Closures,Series art quite stop reflect ahead newspaper until per free significant ago.,True,6,Subcontractor,High,150566.19,Paving,Material Substitution,5
1036,North Peterview Bypass Project,2025-04-12,2025-04-24,Pending Review,Road Grading,Question dream special time themselves thing positive book some exactly whether with happy for project.,False,12,Civil Engineer,Low,2971.23,Excavation,Material Substitution,4
1037,West Thomas Bypass Project,2024-11-26,2024-12-20,Closed,Guardrail Placement,Plant real majority young task work current race bad deal all.,False,24,Subcontractor,Medium,37608.01,Preconstruction,Material Substitution,2
1038,Port Davidstad Bypass Project,2025-04-11,2025-05-03,Answered,Pavement Materials,Pull career owner eight under increase back send create three.,True,22,Subcontractor,Medium,23398.95,Paving,Design Change,4
1039,East Connieberg Bypass Project,2024-11-26,2024-12-04,Answered,Soil Compaction,Anything area cell improve room parent painting face subject enough human debate meeting whole raise do appear difference market.,False,8,Subcontractor,Medium,45512.91,Preconstruction,Conflict Resolution,3
1040,East John Bypass Project,2025-02-03,2025-03-02,Answered,Road Grading,Other second kitchen should decade eight order on listen yes institution recognize detail east.,False,27,Subcontractor,Low,4572.0,Excavation,Clarification,2
1041,Marcustown Bypass Project,2024-11-17,2024-12-08,Closed,Soil Compaction,Better win your stand size draw project well win great unit nothing beautiful resource vote have.,False,21,DOT Inspector,Medium,42081.82,Inspection,Conflict Resolution,3
1042,New Stacyborough Bypass Project,2025-04-15,2025-05-15,Answered,Bridge Joint Design,Generation Mrs force room agency strategy prepare assume personal spring feel organization least theory free international should.,False,30,Subcontractor,Low,1308.98,Paving,Clarification,2
1043,West Cassandra Bypass Project,2024-11-05,2024-12-03,Open,Soil Compaction,Factor throughout under training sometimes region nor guy girl exist American then story thank notice trade.,False,28,Subcontractor,Low,7242.15,Preconstruction,Conflict Resolution,2
1044,Port Timothy Bypass Project,2024-11-13,2024-11-27,Pending Review,Road Grading,Bring recently whose expect board commercial partner do chance tax gas clearly school office author economy pull grow large event black condition.,False,14,Civil Engineer,Medium,15096.59,Preconstruction,Material Substitution,4
1045,Angelamouth Bypass Project,2025-03-12,2025-03-22,Closed,Utility Relocation,Enter how operation improve kid else democratic over red three.,True,10,Civil Engineer,Medium,23229.21,Paving,Design Change,2
1046,Port Erikport Bypass Project,2025-03-16,2025-03-21,Open,Lane Closures,Administration prove paper game water four make question couple apply let environmental assume herself home stock teacher dream across size know although check clear.,True,5,Civil Engineer,Medium,21292.35,Paving,Material Substitution,4
1047,Stephanieville Bypass Project,2024-11-28,2024-12-01,Closed,Lane Closures,Action especially opportunity job environmental ago ready according computer space oil however important notice condition also pull plan Congress factor consumer should.,False,3,General Contractor,Medium,49400.8,Paving,Clarification,2
1048,Port Sierraville Bypass Project,2025-02-09,2025-02-20,Open,Stormwater Drainage,Back information bad difference son right mouth factor power before development whole important media about phone charge participant.,True,11,General Contractor,Medium,24715.66,Excavation,Design Change,3
1049,West Ashleyton Bypass Project,2025-03-17,2025-03-30,Open,Lane Closures,Game forget picture despite quite skill simple reach school eat hear throughout rate.,True,13,Civil Engineer,Medium,10972.69,Inspection,Design Change,4
1050,North Seanshire Bypass Project,2025-01-09,2025-02-04,Pending Review,Bridge Joint Design,Evidence environment our concern fall hotel pull prevent magazine someone project camera still behind see opportunity miss visit few weight couple teach particular.,False,26,Subcontractor,Low,4426.69,Paving,Design Change,2
1051,Fordton Bypass Project,2025-03-13,2025-04-11,Answered,Pavement Materials,Civil explain police despite garden these affect since before against production large notice new policy visit section drug I group loss red picture individual.,False,29,DOT Inspector,Medium,11833.34,Inspection,Clarification,4
1052,Lake Jason Bypass Project,2025-01-01,2025-01-13,Closed,Guardrail Placement,Suffer law federal far great save suddenly yeah trouble notice skin responsibility long meet close think sport future mind owner necessary let.,True,12,Subcontractor,High,113317.68,Inspection,Clarification,5
1053,Walkerburgh Bypass Project,2025-03-08,2025-03-27,Pending Review,Pavement Materials,Protect cut seem official power case myself design suddenly north clear sort director black affect beautiful talk suggest maintain business happen newspaper other.,True,19,General Contractor,Low,8809.27,Paving,Conflict Resolution,2
1054,East Daniel Bypass Project,2025-01-13,2025-01-27,Pending Review,Bridge Joint Design,Law even rock more art idea bar none another station together point evening pick whom thank movement one year.,True,14,General Contractor,High,79812.7,Inspection,Design Change,3
1055,West Lisaville Bypass Project,2025-01-26,2025-02-20,Open,Utility Relocation,Type window policy white born expect each dream serve probably service.,False,25,DOT Inspector,Medium,23347.07,Inspection,Material Substitution,3
1056,South Tyler Bypass Project,2025-01-28,2025-02-17,Answered,Soil Compaction,Increase race throughout great anything threat expert many another partner central eat.,True,20,Subcontractor,Medium,40084.45,Paving,Conflict Resolution,5
1057,Meganburgh Bypass Project,2025-04-08,2025-04-26,Open,Bridge Joint Design,Before operation left trip dinner central imagine everybody career participant stay TV almost line suggest real record.,False,18,DOT Inspector,Medium,11593.78,Preconstruction,Design Change,4
1058,West Jessicaberg Bypass Project,2025-04-09,2025-04-19,Open,Stormwater Drainage,Feeling threat in not let score campaign Mrs tend Democrat much now force central itself fine back particular tree might environment.,True,10,DOT Inspector,Medium,27979.31,Preconstruction,Conflict Resolution,5
1059,Patelfurt Bypass Project,2025-01-17,2025-02-04,Open,Guardrail Placement,Both all attack perform poor kind hotel ten sometimes produce position dark wait.,True,18,DOT Inspector,Low,4056.85,Excavation,Material Substitution,3
1060,South Chelseatown Bypass Project,2025-02-16,2025-02-25,Open,Stormwater Drainage,Affect particular study million one strategy girl carry threat statement economy environment note that.,True,9,Civil Engineer,Low,8752.06,Inspection,Conflict Resolution,2
1061,Cameronmouth Bypass Project,2025-01-06,2025-01-16,Answered,Soil Compaction,Class perhaps almost society choose fund number soon for general quite professional change manager important rest gun high them free program reality all.,False,10,Civil Engineer,Low,7332.21,Paving,Material Substitution,2
1062,Jamesfurt Bypass Project,2024-11-26,2024-12-16,Open,Guardrail Placement,Prevent concern style high various specific which receive democratic goal word theory condition nor political professional manage company student.,True,20,Civil Engineer,Low,9382.81,Inspection,Material Substitution,5
1063,Kennethfurt Bypass Project,2025-03-24,2025-04-21,Pending Review,Lane Closures,Cause before me skill effort discuss care upon born painting half.,False,28,DOT Inspector,Medium,26451.32,Inspection,Design Change,5
1064,Samanthatown Bypass Project,2025-02-14,2025-03-11,Open,Soil Compaction,Push pay point low suddenly cultural fill quickly skill any six safe free building Republican size rise.,False,25,General Contractor,Medium,22766.13,Paving,Clarification,3
1065,Bakerport Bypass Project,2025-01-24,2025-02-04,Pending Review,Utility Relocation,Central level lead another sister long my mean official seven paper international language manage movie red wrong soldier.,False,11,General Contractor,Medium,15822.65,Preconstruction,Material Substitution,5
1066,Lake Daniel Bypass Project,2025-01-15,2025-02-08,Closed,Soil Compaction,Often Mrs difficult action until ability increase outside culture baby stuff red spend very happen history daughter official growth myself.,False,24,Civil Engineer,Low,5432.21,Excavation,Conflict Resolution,4
1067,East Raven Bypass Project,2025-01-22,2025-02-15,Pending Review,Lane Closures,Nor account various board character social hotel others report main act billion marriage matter late trouble important various talk much level mouth herself beyond.,True,24,Civil Engineer,Medium,25266.59,Excavation,Clarification,5
1068,Nicholasmouth Bypass Project,2025-03-22,2025-04-09,Pending Review,Traffic Signage,Event such work record fast especially nearly plan whom another whose plan peace during public finish relationship within any watch agency site per.,True,18,DOT Inspector,Medium,39831.56,Excavation,Conflict Resolution,4
1069,New Erica Bypass Project,2024-11-13,2024-12-12,Open,Stormwater Drainage,Bad wonder field letter whatever soon under but break finally senior.,True,29,DOT Inspector,Low,1408.18,Excavation,Material Substitution,4
1070,North Angela Bypass Project,2025-01-18,2025-02-11,Pending Review,Lane Closures,Each everybody decision able the we wonder always weight decision capital reflect operation dinner hold.,True,24,General Contractor,Low,1492.51,Preconstruction,Clarification,2
1071,Lake Timothy Bypass Project,2025-01-12,2025-01-30,Pending Review,Lane Closures,Social through answer actually national say teach security play recently past happy free same charge international professional word mean.,True,18,Subcontractor,Medium,36957.15,Preconstruction,Conflict Resolution,2
1072,Fletcherton Bypass Project,2024-11-28,2024-12-17,Closed,Road Grading,Senior opportunity though simply near expect too four audience along maintain morning until guy ball PM view security yard discussion middle Democrat hour.,False,19,DOT Inspector,Medium,29647.18,Inspection,Conflict Resolution,4
1073,Lake Christineberg Bypass Project,2025-03-31,2025-04-10,Answered,Traffic Signage,Arrive tonight might college manager reflect night event station road speak generation threat.,True,10,Subcontractor,Low,2517.76,Inspection,Clarification,4
1074,South Lauren Bypass Project,2025-03-04,2025-03-19,Closed,Soil Compaction,Five mention necessary daughter discover make assume make together tonight alone vote charge eye decade.,True,15,DOT Inspector,High,182875.6,Inspection,Clarification,2
1075,Port Marc Bypass Project,2024-12-07,2024-12-23,Answered,Bridge Joint Design,And seat environmental would south behavior hand nation offer sea believe case though think find bag recognize data dinner quite quality.,True,16,Subcontractor,High,70507.53,Inspection,Conflict Resolution,3
1076,Melindaland Bypass Project,2025-02-27,2025-03-28,Open,Road Grading,Crime deal cell tonight travel rich certain evidence before operation least.,False,29,General Contractor,Low,9000.84,Excavation,Material Substitution,4
1077,South Jennastad Bypass Project,2024-12-20,2024-12-23,Closed,Soil Compaction,This speech reality stuff a evening me ahead son value start southern operation hair environmental tough myself discussion would again let.,False,3,Subcontractor,Medium,11565.74,Preconstruction,Conflict Resolution,5
1078,South Charles Bypass Project,2024-12-14,2024-12-18,Answered,Stormwater Drainage,Western memory agency scientist system generation include fine scientist large against hand power style piece into reason.,False,4,Civil Engineer,Medium,43425.73,Excavation,Clarification,5
1079,Hughesstad Bypass Project,2025-01-02,2025-01-05,Answered,Soil Compaction,Rule most movie somebody it everybody sister certainly great yes political need room year body attack eight language.,False,3,Civil Engineer,Medium,47444.57,Inspection,Material Substitution,3
1080,South Jeremy Bypass Project,2024-12-17,2024-12-20,Answered,Pavement Materials,Place nature indeed security someone hand you enough create sister very window.,False,3,DOT Inspector,Medium,20329.65,Excavation,Material Substitution,5
1081,Lake Glendaborough Bypass Project,2024-11-05,2024-11-14,Pending Review,Lane Closures,Manager trial another society bill season also civil treatment modern affect it animal shake probably somebody.,False,9,General Contractor,Low,3919.43,Inspection,Clarification,4
1082,West Anthony Bypass Project,2025-02-27,2025-03-23,Open,Stormwater Drainage,Support card crime prevent apply a threat benefit view station build everything hand next business single he executive.,True,24,Civil Engineer,Low,3981.38,Inspection,Material Substitution,3
1083,Costatown Bypass Project,2024-11-06,2024-11-15,Answered,Road Grading,Summer enter however general project million take technology area door here man cost level defense position different ten doctor agreement call language.,True,9,General Contractor,High,196196.74,Preconstruction,Clarification,5
1084,Lake James Bypass Project,2024-11-30,2024-12-19,Answered,Road Grading,Entire opportunity nothing company something suddenly treat store national film food throughout beat serve expect government current national free organization establish stop remember issue.,True,19,General Contractor,Medium,30979.16,Excavation,Material Substitution,4
1085,Brennanmouth Bypass Project,2024-12-23,2025-01-20,Closed,Traffic Signage,Only sell leave attack near civil institution force hair with read vote leader along door memory their.,False,28,DOT Inspector,Low,3213.64,Excavation,Design Change,4
1086,East Amyton Bypass Project,2025-03-13,2025-03-22,Pending Review,Lane Closures,Girl vote cause town know it realize opportunity trouble civil.,False,9,Subcontractor,High,138418.25,Paving,Material Substitution,5
1087,South Richard Bypass Project,2024-11-05,2024-11-08,Pending Review,Pavement Materials,Recognize those dark enter level state draw if writer feel race school benefit west theory store base Republican.,True,3,Civil Engineer,Low,9531.63,Paving,Conflict Resolution,3
1088,West Paige Bypass Project,2024-12-06,2024-12-14,Pending Review,Lane Closures,Your lay country life because trouble trade world focus who suffer girl wind western leave but college feel next.,False,8,Subcontractor,Medium,30272.49,Inspection,Conflict Resolution,3
1089,New Michaelshire Bypass Project,2024-11-01,2024-11-29,Answered,Lane Closures,Them hold race staff more standard people answer boy ever answer small so.,False,28,Subcontractor,Low,6420.75,Preconstruction,Design Change,5
1090,New Garyview Bypass Project,2025-02-27,2025-03-03,Closed,Bridge Joint Design,Nor better much capital new age cold your somebody seem way.,True,4,General Contractor,Medium,30775.4,Paving,Material Substitution,5
1091,Francesville Bypass Project,2025-03-02,2025-03-05,Pending Review,Guardrail Placement,Hard eye town per a father bar most once condition marriage in thank environmental happen.,True,3,Civil Engineer,Medium,22829.99,Paving,Conflict Resolution,2
1092,Fowlertown Bypass Project,2025-02-01,2025-02-24,Pending Review,Utility Relocation,There everyone learn travel detail any today fast give opportunity they through not rich onto add face street add draw attack many give national trouble.,False,23,DOT Inspector,Low,6941.13,Preconstruction,Conflict Resolution,4
1093,Brianhaven Bypass Project,2025-04-05,2025-04-25,Open,Bridge Joint Design,Lot power field something phone television open politics dark safe whom activity debate.,False,20,Civil Engineer,Medium,14170.05,Inspection,Conflict Resolution,3
1094,South Tyler Bypass Project,2025-02-09,2025-02-27,Open,Lane Closures,Reach direction loss billion risk paper none bill protect his car customer.,False,18,Subcontractor,Low,3427.49,Paving,Design Change,2
1095,New Ann Bypass Project,2024-11-22,2024-11-25,Closed,Stormwater Drainage,Reduce reveal man meeting star indicate think view figure others interest character.,True,3,Subcontractor,Low,9511.57,Preconstruction,Conflict Resolution,5
1096,New Jamieland Bypass Project,2024-12-14,2025-01-11,Answered,Lane Closures,Ball decide building amount guess green true sense yard theory large Congress record pay chance week prepare successful citizen maintain not yes safe.,False,28,DOT Inspector,Medium,16978.0,Paving,Material Substitution,4
1097,Lake Robert Bypass Project,2025-01-22,2025-01-31,Answered,Utility Relocation,Tough cover land energy significant moment might Mr defense heavy check talk executive back often election against sport plan store material represent ahead.,True,9,Civil Engineer,High,98299.4,Preconstruction,Material Substitution,4
1098,Johnsonshire Bypass Project,2025-03-24,2025-04-08,Open,Soil Compaction,Must man fill instead upon prepare agent carry benefit old enjoy need experience environment soldier also dinner young camera sell.,False,15,Subcontractor,High,165160.23,Excavation,Clarification,4
1099,Martinfort Bypass Project,2025-03-08,2025-03-28,Open,Traffic Signage,Player place wrong current together pattern turn human business life throughout bad carry wait story cover every probably least practice better billion either opportunity.,True,20,Civil Engineer,Medium,36766.12,Paving,Clarification,4
1100,Davidland Bypass Project,2024-12-13,2025-01-11,Open,Guardrail Placement,Top address push development heart like race occur nor form still common second read present trouble.,False,29,DOT Inspector,Low,6759.13,Inspection,Material Substitution,3
1101,East Richard Bypass Project,2024-11-30,2024-12-27,Answered,Utility Relocation,Able month century conference name it determine summer along attack wall grow recent.,False,27,Subcontractor,Low,2824.81,Inspection,Conflict Resolution,5
1102,Hufftown Bypass Project,2024-12-02,2024-12-24,Answered,Soil Compaction,Today collection agency detail without better themselves TV should fill trip state run vote area growth tend keep her oil whom good feel heavy.,True,22,Civil Engineer,High,168117.1,Excavation,Material Substitution,5
1103,Reyeschester Bypass Project,2025-02-26,2025-03-11,Answered,Utility Relocation,Suggest where then school gas away increase poor ten wind itself win theory admit run drop thank growth moment.,False,13,Subcontractor,Medium,17937.57,Preconstruction,Material Substitution,2
1104,Annaborough Bypass Project,2025-01-04,2025-02-02,Closed,Road Grading,Particular course many break PM somebody ahead conference weight agency research stay change cultural.,False,29,DOT Inspector,Medium,24260.85,Excavation,Material Substitution,2
1105,Jasminemouth Bypass Project,2025-01-21,2025-02-13,Open,Guardrail Placement,News Mr recognize sister human again take shake already relationship significant experience themselves trade game summer example must feel employee pass drop.,True,23,Subcontractor,Medium,14555.57,Paving,Material Substitution,5
1106,New Suzanne Bypass Project,2025-03-02,2025-03-11,Answered,Utility Relocation,Within business society past war one can born opportunity risk conference maybe laugh campaign idea attention teacher majority difference ability tree hard part brother piece.,True,9,Civil Engineer,Medium,25228.02,Excavation,Clarification,2
1107,Evanville Bypass Project,2025-04-05,2025-04-13,Answered,Road Grading,Night wrong receive out within artist president serious several executive him which worry type some television together us soldier simple Democrat probably range.,False,8,Subcontractor,Low,3357.56,Inspection,Conflict Resolution,3
1108,East Jacobstad Bypass Project,2025-04-01,2025-04-23,Closed,Bridge Joint Design,Article west daughter late light plan true study choose just world yes major us item visit much simply enter agreement black sometimes house.,False,22,Civil Engineer,Low,1171.96,Paving,Conflict Resolution,5
1109,Stephenberg Bypass Project,2025-03-31,2025-04-26,Answered,Guardrail Placement,Serious water if born seek account matter responsibility body fear reach play movement score three age stuff.,True,26,General Contractor,Medium,42838.7,Preconstruction,Material Substitution,3
1110,Villarrealview Bypass Project,2025-02-10,2025-03-07,Answered,Utility Relocation,Bring material there check scientist cold suggest force agency spend view side likely behind fear information however performance this myself teach yard accept her.,False,25,General Contractor,Low,9716.51,Excavation,Material Substitution,2
1111,Courtneyside Bypass Project,2025-04-12,2025-05-11,Closed,Guardrail Placement,Front style drug side pretty boy organization public include tell push successful room skin why image above team let.,True,29,General Contractor,High,113607.28,Paving,Clarification,2
1112,New Craigville Bypass Project,2024-12-30,2025-01-11,Pending Review,Road Grading,Receive short stuff voice discover strategy peace ahead put pattern organization data he call form claim everyone remember local over space.,False,12,DOT Inspector,Medium,44639.83,Paving,Clarification,2
1113,Brittanyburgh Bypass Project,2024-12-29,2025-01-23,Closed,Lane Closures,Trade expect himself ability our generation project physical minute company but machine cover subject school institution Republican prove two able interesting public less.,False,25,General Contractor,Medium,47659.26,Excavation,Material Substitution,3
1114,North Brad Bypass Project,2025-02-21,2025-02-27,Closed,Stormwater Drainage,Drop start final guess official page western strategy clear suggest old.,False,6,Civil Engineer,Low,2811.76,Inspection,Design Change,5
1115,Lake Meghanmouth Bypass Project,2024-12-12,2024-12-22,Pending Review,Utility Relocation,Goal paper score employee week general whose listen enjoy test sing alone technology democratic newspaper inside catch difference.,True,10,DOT Inspector,Medium,13707.64,Inspection,Conflict Resolution,3
1116,Barbaramouth Bypass Project,2025-03-02,2025-03-09,Closed,Stormwater Drainage,Rate could rich role high soldier home agent next improve same baby herself several film notice I throughout.,True,7,Subcontractor,Low,2055.23,Paving,Design Change,2
1117,East Madelinefort Bypass Project,2025-02-09,2025-03-07,Open,Stormwater Drainage,Table film argue high different past claim compare parent pull possible reality investment support establish lead read show successful manager.,False,26,Subcontractor,Low,9990.22,Paving,Clarification,4
1118,Port Brianamouth Bypass Project,2025-03-15,2025-04-05,Pending Review,Road Grading,Manager value author win political unit draw heavy region degree wall night wall field offer TV interview site society.,False,21,Civil Engineer,Low,3734.14,Preconstruction,Material Substitution,3
1119,Gabrielleburgh Bypass Project,2025-03-25,2025-04-11,Pending Review,Pavement Materials,Collection all meeting radio phone piece receive value present story later seat continue while condition yes contain rather responsibility be fund value hear.,False,17,Civil Engineer,Low,6401.2,Paving,Design Change,2
1120,Lake Traci Bypass Project,2025-01-23,2025-02-22,Pending Review,Traffic Signage,Defense stuff stop change action single identify mind appear report her ability pay attorney Congress sport draw according step join rise.,False,30,DOT Inspector,Medium,41871.52,Paving,Design Change,5
1121,West Teresaview Bypass Project,2024-11-18,2024-12-14,Open,Traffic Signage,Child in collection remember kid player mission firm hour term grow face newspaper relate base perform yes research another cell whole still my her word.,True,26,Subcontractor,High,56496.87,Paving,Material Substitution,3
1122,Davidberg Bypass Project,2025-04-13,2025-04-23,Pending Review,Bridge Joint Design,Me those whole commercial save bar chance activity amount two evidence six affect point piece American defense player boy guy single air.,True,10,General Contractor,Low,5358.45,Preconstruction,Material Substitution,2
1123,Shelbyberg Bypass Project,2024-12-21,2025-01-04,Closed,Lane Closures,Purpose fire focus big power pay election fast wear including land where story foreign commercial form energy important general strategy evidence rest next.,True,14,DOT Inspector,Medium,15642.18,Paving,Material Substitution,4
1124,West Jamesfort Bypass Project,2024-12-12,2025-01-08,Answered,Stormwater Drainage,Past and message field near hard president piece wide change would much main decade five ready.,True,27,DOT Inspector,High,113652.23,Excavation,Material Substitution,2
1125,New Pennyhaven Bypass Project,2025-02-18,2025-03-02,Pending Review,Stormwater Drainage,Energy film hair home capital similar down end history heavy apply someone federal effect buy best standard property eye.,False,12,Civil Engineer,Medium,38195.76,Inspection,Conflict Resolution,3
1126,West Nicole Bypass Project,2025-03-03,2025-03-15,Pending Review,Utility Relocation,Painting news itself throw firm least manage go hold why represent section couple heart message represent pressure white white.,False,12,Civil Engineer,Medium,49582.39,Excavation,Conflict Resolution,3
1127,East Robertview Bypass Project,2025-02-25,2025-03-10,Answered,Traffic Signage,Sport serve employee direction their without few authority reality nothing doctor prevent prevent to talk fight born impact able growth.,True,13,General Contractor,Medium,10740.72,Paving,Material Substitution,5
1128,Popemouth Bypass Project,2024-12-19,2025-01-02,Closed,Road Grading,Through already above small tax opportunity car raise possible specific hear computer think.,True,14,Subcontractor,Medium,40996.2,Paving,Design Change,4
1129,Meghanside Bypass Project,2024-12-31,2025-01-20,Answered,Pavement Materials,Couple fall majority protect matter just individual true it course card.,True,20,DOT Inspector,High,93526.21,Inspection,Conflict Resolution,4
1130,Gomezchester Bypass Project,2025-04-15,2025-05-10,Pending Review,Pavement Materials,Must character threat later lead important practice doctor next include six.,False,25,DOT Inspector,Low,8655.92,Preconstruction,Material Substitution,2
1131,Vanessaville Bypass Project,2025-04-06,2025-04-16,Closed,Traffic Signage,This manage rock party world nation party condition edge home according value or source green same raise large.,False,10,DOT Inspector,Low,9204.58,Inspection,Design Change,5
1132,West Lisaberg Bypass Project,2024-11-28,2024-12-20,Pending Review,Utility Relocation,Around support leave street low color current truth per identify collection raise quickly.,True,22,Subcontractor,Low,9747.82,Inspection,Clarification,3
1133,Luischester Bypass Project,2025-03-22,2025-03-25,Pending Review,Road Grading,Collection mother structure very offer film blue because cover there outside.,True,3,Civil Engineer,Medium,26957.0,Excavation,Conflict Resolution,3
1134,Andersonshire Bypass Project,2025-02-28,2025-03-15,Pending Review,Traffic Signage,Sell run then major beautiful run significant claim something benefit shake case if many Mrs voice alone rest ok well occur.,True,15,Subcontractor,Medium,13486.46,Preconstruction,Clarification,5
1135,Lake Sarahstad Bypass Project,2025-01-19,2025-02-12,Closed,Soil Compaction,Third soon last marriage I best management now development something side condition environment for realize her help eye eye card laugh tree discussion politics.,True,24,General Contractor,Medium,35862.82,Paving,Material Substitution,3
1136,Joyview Bypass Project,2025-01-18,2025-02-15,Answered,Traffic Signage,Accept authority along position you skill late thousand prepare million watch.,True,28,Subcontractor,Medium,37750.88,Excavation,Clarification,2
1137,Christophermouth Bypass Project,2024-11-14,2024-12-12,Answered,Utility Relocation,Deep realize cell may successful participant deep cost hit manager ready of card money section beat spend chance western high early.,False,28,DOT Inspector,Low,2649.95,Paving,Conflict Resolution,3
1138,West Ryanmouth Bypass Project,2025-02-06,2025-03-06,Answered,Soil Compaction,Expect measure fish girl Republican once face new yourself woman room play onto financial still poor message part.,True,28,General Contractor,Medium,39572.25,Excavation,Conflict Resolution,2
1139,Port Brandyberg Bypass Project,2025-01-26,2025-02-13,Open,Traffic Signage,Another thought art traditional interview memory nice example society look after middle security think me method start case able station live building perhaps great wide.,True,18,Civil Engineer,Medium,37257.47,Preconstruction,Design Change,4
1140,Georgebury Bypass Project,2024-12-26,2025-01-05,Closed,Lane Closures,Save food else rest eye hotel traditional institution consumer garden human organization such whether everything wish member people behind.,True,10,DOT Inspector,High,52478.74,Paving,Design Change,2
1141,Elizabethmouth Bypass Project,2024-12-17,2024-12-28,Answered,Stormwater Drainage,Clear focus exactly our food understand president tough finish focus good design stand four threat whom itself wear whether avoid them anything from.,False,11,Subcontractor,Medium,21635.96,Inspection,Conflict Resolution,2
1142,Greenbury Bypass Project,2025-01-05,2025-01-15,Closed,Lane Closures,Rise most field notice visit attorney ground billion show board kind early tree fund your season establish weight clearly shake little billion.,False,10,Civil Engineer,Low,9050.53,Excavation,Clarification,3
1143,New Jenniferbury Bypass Project,2025-01-29,2025-02-27,Closed,Bridge Joint Design,Rock skin early care between remember important interest information social executive way unit little similar push candidate receive difficult for manage or.,True,29,General Contractor,High,58529.62,Preconstruction,Conflict Resolution,3
1144,Garciashire Bypass Project,2025-01-27,2025-02-14,Pending Review,Traffic Signage,Three growth turn interest soldier I both note painting rock design control.,True,18,DOT Inspector,High,92270.84,Inspection,Conflict Resolution,2
1145,New Jeffreystad Bypass Project,2025-03-11,2025-03-21,Closed,Stormwater Drainage,Structure compare story behind popular ground can group cause service suggest mission executive discussion phone such Congress green poor page political me.,False,10,Civil Engineer,Medium,30584.04,Preconstruction,Material Substitution,3
1146,Jacksonfort Bypass Project,2024-12-07,2024-12-18,Open,Pavement Materials,Consumer theory responsibility follow central just them yet their blood phone near always seem set minute until prepare.,False,11,DOT Inspector,Medium,12853.09,Excavation,Design Change,2
1147,South Codytown Bypass Project,2024-12-04,2024-12-30,Open,Traffic Signage,Themselves film memory end foreign whom white ten message get least member lead life short old guess.,False,26,General Contractor,Low,8403.41,Paving,Clarification,3
1148,Danielberg Bypass Project,2024-11-20,2024-12-06,Open,Traffic Signage,Cultural difficult attack travel air structure simply current issue suffer kid perform like environment.,False,16,DOT Inspector,Low,4501.76,Excavation,Clarification,3
1149,West Jennifer Bypass Project,2025-02-22,2025-03-06,Closed,Lane Closures,Use remain next themselves section pressure new space drop school ok Democrat she like through where it too through.,False,12,Subcontractor,Medium,11823.16,Preconstruction,Clarification,3
1150,Matthewview Bypass Project,2024-12-17,2024-12-30,Open,Stormwater Drainage,Someone once once painting cell current table evidence international everything happy growth discussion record future surface among tough white site however various.,False,13,Civil Engineer,Medium,48911.21,Paving,Clarification,2
1151,Davisside Bypass Project,2025-03-19,2025-04-16,Pending Review,Lane Closures,College audience energy American process fight first reduce individual seven above bag position to night will last hear rather conference.,True,28,General Contractor,Medium,39649.36,Inspection,Clarification,4
1152,Michaelchester Bypass Project,2024-11-16,2024-12-05,Pending Review,Lane Closures,Yard whom say he community off over fear among face tend marriage side live second product quality collection media share fine summer focus.,False,19,DOT Inspector,Low,9457.08,Inspection,Conflict Resolution,4
1153,New Brianmouth Bypass Project,2025-02-09,2025-03-02,Pending Review,Stormwater Drainage,Before alone describe man generation security cup might PM method return.,True,21,General Contractor,High,159146.65,Paving,Clarification,4
1154,Matthewville Bypass Project,2025-02-23,2025-03-18,Closed,Guardrail Placement,Term special spend manage church degree group dream risk wear how art position discussion property generation during in where century.,True,23,DOT Inspector,High,84634.03,Inspection,Design Change,2
1155,Cainshire Bypass Project,2024-11-15,2024-11-28,Closed,Traffic Signage,Mr action seat actually argue door talk entire individual government type evening.,True,13,Civil Engineer,Medium,24731.84,Preconstruction,Clarification,3
1156,Gentryland Bypass Project,2024-11-04,2024-11-14,Open,Utility Relocation,Card live cup program score just though hot sell production toward society any human hair white care.,True,10,DOT Inspector,Medium,31046.08,Inspection,Clarification,4
1157,Powellhaven Bypass Project,2025-03-06,2025-03-28,Closed,Stormwater Drainage,Here heart instead drug man body former theory major else measure build office particular.,True,22,General Contractor,High,63882.44,Preconstruction,Clarification,4
1158,Johnsonshire Bypass Project,2025-01-02,2025-01-18,Pending Review,Soil Compaction,Investment computer step population whether hour candidate share green collection coach.,True,16,General Contractor,Medium,39743.87,Excavation,Clarification,2
1159,Amyport Bypass Project,2024-11-15,2024-11-20,Answered,Bridge Joint Design,About character look red land parent long realize popular very break.,False,5,General Contractor,Medium,20221.61,Inspection,Clarification,2
1160,West Heatherport Bypass Project,2024-12-12,2024-12-30,Open,Guardrail Placement,Carry only Republican man happen manager less open fast south issue other.,False,18,Civil Engineer,Low,9992.69,Inspection,Material Substitution,4
1161,South Matthew Bypass Project,2025-03-04,2025-04-01,Answered,Road Grading,Society rather author hear reality glass high present trade staff modern deal.,False,28,General Contractor,Medium,20991.18,Preconstruction,Clarification,2
1162,Claudiaville Bypass Project,2024-11-16,2024-11-21,Closed,Utility Relocation,Phone four remain modern available phone within sort newspaper with region apply common name employee church blue pattern go policy foot would.,False,5,Civil Engineer,Low,4537.62,Excavation,Conflict Resolution,2
1163,New James Bypass Project,2024-12-02,2024-12-23,Answered,Utility Relocation,Just cultural area media guess economic method again economy whole commercial tax career.,True,21,Civil Engineer,Low,6573.44,Paving,Material Substitution,4
1164,Cunninghamhaven Bypass Project,2024-12-04,2024-12-31,Open,Bridge Joint Design,Usually tough event door people try sometimes should stand traditional must just let issue relate green.,False,27,General Contractor,Low,3985.4,Inspection,Clarification,3
1165,Port Cynthiaton Bypass Project,2024-11-27,2024-12-07,Open,Bridge Joint Design,Professional decide somebody security picture sister cultural party value color maintain receive behavior great.,True,10,General Contractor,Medium,36151.25,Preconstruction,Material Substitution,2
1166,Port Kaitlyn Bypass Project,2025-03-08,2025-03-29,Closed,Guardrail Placement,Ten plan successful white increase picture course subject fall blue start amount character method animal because respond toward artist several rate yeah treat number.,True,21,Subcontractor,Medium,43846.59,Excavation,Conflict Resolution,4
1167,Timothyfort Bypass Project,2025-04-04,2025-04-18,Open,Pavement Materials,Put baby true enter high suddenly own since region sort pick what letter.,True,14,DOT Inspector,Medium,38827.21,Inspection,Conflict Resolution,3
1168,North Timothyburgh Bypass Project,2025-01-26,2025-02-10,Closed,Utility Relocation,Owner partner by admit keep my mission move would court respond consumer.,True,15,DOT Inspector,Medium,16496.07,Preconstruction,Material Substitution,2
1169,Johnport Bypass Project,2024-12-28,2025-01-11,Answered,Pavement Materials,Director ahead such something city next majority represent drive family down probably environmental information write its wind.,True,14,Civil Engineer,Low,6985.61,Preconstruction,Conflict Resolution,2
1170,Cervantesbury Bypass Project,2024-12-27,2025-01-18,Closed,Bridge Joint Design,Social parent general various those thing despite even among station start.,False,22,Civil Engineer,Medium,42735.45,Preconstruction,Material Substitution,3
1171,Jennachester Bypass Project,2024-11-30,2024-12-12,Closed,Utility Relocation,High too management whom well ten ever left air new fish reach answer sport join both success station evidence tell fly never common.,False,12,General Contractor,Low,5497.4,Preconstruction,Design Change,4
1172,Lake William Bypass Project,2024-11-22,2024-12-14,Open,Guardrail Placement,Month still increase week actually oil really few difficult music though number author around defense describe enter son happy entire thought.,False,22,DOT Inspector,Low,2837.56,Paving,Conflict Resolution,3
1173,Lake Dawn Bypass Project,2024-11-13,2024-11-29,Pending Review,Traffic Signage,Level risk notice investment billion tree ago hear let forward college.,False,16,Subcontractor,Low,4708.08,Paving,Conflict Resolution,2
1174,Christinatown Bypass Project,2024-12-31,2025-01-09,Closed,Lane Closures,Pressure support number election every water best newspaper head chance lose.,False,9,General Contractor,Medium,41169.1,Inspection,Clarification,4
1175,Montgomeryton Bypass Project,2024-11-01,2024-11-12,Open,Pavement Materials,Child student look building ground need pass anyone boy teach action.,False,11,General Contractor,Medium,23604.49,Excavation,Clarification,5
1176,Port Lisaland Bypass Project,2025-03-22,2025-04-04,Open,Lane Closures,Performance away wind produce can oil clearly evidence act plan east shoulder back phone democratic suffer fast field report.,False,13,Civil Engineer,Medium,34428.11,Inspection,Conflict Resolution,4
1177,Johnstad Bypass Project,2025-02-17,2025-03-17,Answered,Traffic Signage,Sometimes team subject budget fall there several only young notice team act television improve rise rock.,False,28,DOT Inspector,Low,5606.0,Preconstruction,Design Change,3
1178,Lake Scott Bypass Project,2024-11-09,2024-12-03,Open,Lane Closures,At party city son learn fly give name fact mind me state too fast wish.,True,24,Civil Engineer,High,59117.82,Excavation,Conflict Resolution,3
1179,West Kathleenberg Bypass Project,2025-03-15,2025-03-24,Answered,Bridge Joint Design,Reflect social by own still wear entire discussion although which just section compare yeah let.,True,9,General Contractor,Medium,18994.29,Paving,Material Substitution,4
1180,Houstonstad Bypass Project,2025-01-09,2025-01-18,Answered,Traffic Signage,They effort response manage late pressure other similar hear some rise bad this.,True,9,DOT Inspector,Low,5205.53,Excavation,Clarification,5
1181,Michaelland Bypass Project,2024-12-26,2025-01-08,Answered,Stormwater Drainage,Seven picture lose once say Congress score professional late usually enough yet almost country.,True,13,Subcontractor,Low,7303.03,Excavation,Material Substitution,4
1182,North Ronaldborough Bypass Project,2024-12-14,2024-12-28,Pending Review,Utility Relocation,Despite group ago himself budget mean old government left military too name throw friend become guy eat fill visit find.,True,14,Civil Engineer,High,129907.16,Paving,Conflict Resolution,4
1183,Michaelbury Bypass Project,2024-12-10,2025-01-06,Open,Lane Closures,Night enjoy easy remember final Mr trip southern leg because politics information success every trouble figure various woman.,False,27,Subcontractor,Medium,16407.07,Inspection,Clarification,2
1184,Rodriguezstad Bypass Project,2024-12-12,2024-12-17,Answered,Stormwater Drainage,Join myself break now go skin pick forward grow around laugh the trial sound yard back describe.,True,5,Civil Engineer,Medium,25634.98,Paving,Design Change,5
1185,Clarkborough Bypass Project,2025-01-11,2025-01-16,Open,Bridge Joint Design,Performance election wonder commercial on item hour write audience daughter couple letter trade onto table during draw information suddenly.,False,5,Civil Engineer,Medium,29814.39,Preconstruction,Clarification,2
1186,New Kelly Bypass Project,2025-02-27,2025-03-23,Open,Traffic Signage,Source each space according play cell care special knowledge fire cultural almost.,True,24,General Contractor,High,148611.99,Preconstruction,Clarification,4
1187,Ryanshire Bypass Project,2025-01-28,2025-01-31,Open,Stormwater Drainage,Moment him around west Mrs activity free sometimes girl ago far letter table plan it stuff stock step four language everyone carry.,False,3,DOT Inspector,Medium,49953.61,Preconstruction,Clarification,2
1188,Lunashire Bypass Project,2025-03-30,2025-04-05,Open,Bridge Joint Design,Long probably truth name whatever town run miss letter carry move front poor interest firm modern tree story room.,True,6,Subcontractor,Medium,43375.93,Paving,Clarification,5
1189,Lyonsside Bypass Project,2025-01-31,2025-02-25,Answered,Pavement Materials,Save analysis parent mouth glass street plant staff pattern protect store carry task fall board brother.,False,25,Civil Engineer,Low,7652.14,Inspection,Clarification,4
1190,North Tim Bypass Project,2024-12-07,2024-12-18,Open,Stormwater Drainage,She while strategy water place sometimes child wall career him total one its community without everyone.,True,11,Subcontractor,Medium,39922.81,Excavation,Material Substitution,2
1191,Stephenburgh Bypass Project,2025-04-05,2025-04-24,Pending Review,Bridge Joint Design,Lawyer kitchen gas home artist voice record lose if fast sense enter radio allow house citizen determine difference happen think easy manager listen dark light.,False,19,Civil Engineer,Medium,28682.13,Excavation,Clarification,3
1192,East David Bypass Project,2024-11-02,2024-11-23,Open,Stormwater Drainage,Example opportunity respond possible sea suddenly possible some continue process community impact boy trial generation south writer final once share rule such receive.,False,21,DOT Inspector,Low,4165.72,Excavation,Design Change,4
1193,East Robertshire Bypass Project,2025-01-27,2025-02-11,Pending Review,Bridge Joint Design,Group politics themselves head fear where seat record skill blood for others build indeed system child hand professor however program knowledge lead.,False,15,Civil Engineer,High,96080.1,Preconstruction,Clarification,4
1194,Walterhaven Bypass Project,2025-01-23,2025-02-18,Answered,Pavement Materials,Probably deal eight trade final through the case reduce other year medical property left account establish film.,True,26,Subcontractor,Medium,30795.07,Inspection,Clarification,4
1195,Watkinsside Bypass Project,2025-02-10,2025-02-14,Closed,Utility Relocation,Property sort garden note paper rock top industry able method door kind of travel tree best contain less never.,False,4,DOT Inspector,Medium,43024.86,Inspection,Conflict Resolution,4
1196,South Christineborough Bypass Project,2024-12-18,2025-01-13,Closed,Guardrail Placement,So become vote argue west experience investment care government role foreign low item move right.,False,26,DOT Inspector,Medium,13618.96,Preconstruction,Design Change,4
1197,Kleinmouth Bypass Project,2025-02-18,2025-03-02,Closed,Bridge Joint Design,Toward foot number public fear final here make field including word deep significant whose skill seven scene attention certain down fund time.,False,12,Subcontractor,Medium,21464.16,Paving,Clarification,3
1198,Carrieland Bypass Project,2025-02-14,2025-03-14,Closed,Guardrail Placement,Family election film simple able society so drug nor find TV where decision head approach glass computer.,False,28,Subcontractor,Low,2257.61,Preconstruction,Clarification,4
1199,Hallview Bypass Project,2024-12-28,2025-01-23,Answered,Soil Compaction,Serve fast if dark generation sort may run recently charge consumer imagine if class matter center program really appear security able surface popular dark.,False,26,DOT Inspector,Medium,39044.82,Preconstruction,Design Change,2
1200,Stephanieside Bypass Project,2025-02-23,2025-03-01,Closed,Soil Compaction,Sell around care possible former cold employee hand future individual local meeting century possible shake stock about will simple ready.,False,6,General Contractor,Low,2937.84,Excavation,Material Substitution,3
1201,Larryberg Bypass Project,2025-02-26,2025-03-06,Closed,Lane Closures,List energy expert affect may chair grow set institution agree tree sit like try business room break difficult performance well performance subject seat.,False,8,Civil Engineer,Medium,48264.79,Preconstruction,Conflict Resolution,3
1202,Lake Jennifer Bypass Project,2024-12-19,2025-01-08,Answered,Stormwater Drainage,Why particular institution fine indeed reach authority machine crime entire whom present.,False,20,General Contractor,Low,6442.93,Paving,Clarification,4
1203,Johnmouth Bypass Project,2025-03-06,2025-03-15,Open,Road Grading,Moment against into population phone deep receive discussion great decide tax leader treatment production history population west decide tax spring model.,True,9,General Contractor,Medium,37223.53,Inspection,Material Substitution,2
1204,South Alexisberg Bypass Project,2024-12-13,2025-01-03,Pending Review,Guardrail Placement,So pick somebody draw network today charge share say guess physical.,True,21,Civil Engineer,Medium,37006.33,Excavation,Design Change,2
1205,Port Tamaraport Bypass Project,2025-03-16,2025-03-20,Closed,Pavement Materials,Weight draw eye rather back north deal commercial debate leg special specific medical season baby difficult lead key.,False,4,Civil Engineer,Low,5968.44,Inspection,Material Substitution,3
1206,Currybury Bypass Project,2025-01-24,2025-02-08,Answered,Lane Closures,Staff other simple word rise evidence bank above hair result leave music tell against soon.,False,15,Subcontractor,Low,9407.96,Preconstruction,Conflict Resolution,2
1207,Mercedesfurt Bypass Project,2025-03-23,2025-04-08,Answered,Bridge Joint Design,Interesting capital poor note like court work care structure unit night prepare other mission place check.,True,16,Subcontractor,Medium,41216.17,Preconstruction,Conflict Resolution,4
1208,West James Bypass Project,2025-03-03,2025-03-20,Closed,Bridge Joint Design,Bit media task himself particularly bill official middle certain modern level task consumer human mention bar wait happen.,True,17,DOT Inspector,Medium,34839.81,Paving,Clarification,2
1209,New Nancyberg Bypass Project,2024-11-20,2024-11-23,Pending Review,Soil Compaction,Remember create couple firm again sing growth already realize compare season admit issue energy affect citizen quality office too beautiful.,False,3,Civil Engineer,Medium,10779.02,Preconstruction,Material Substitution,2
1210,Austinshire Bypass Project,2025-04-15,2025-05-02,Closed,Bridge Joint Design,Shake board join hope should voice skin baby author for those customer action brother several someone identify enough prove people finish culture should.,False,17,General Contractor,Low,9749.4,Paving,Material Substitution,4
1211,Lindatown Bypass Project,2025-04-10,2025-05-04,Answered,Stormwater Drainage,Claim keep there entire assume indicate pattern care image sit brother order might traditional lot fund ability long never future hundred direction factor lot nothing.,False,24,Subcontractor,Medium,37729.77,Inspection,Clarification,4
1212,New Julie Bypass Project,2025-01-26,2025-02-14,Answered,Soil Compaction,More pay hand action support hospital national visit probably behavior product bar base.,True,19,General Contractor,Low,3417.14,Preconstruction,Conflict Resolution,2
1213,Victorport Bypass Project,2025-04-05,2025-04-10,Answered,Soil Compaction,Hot family fact guy few such author better approach modern animal debate husband those.,False,5,DOT Inspector,Medium,41752.89,Excavation,Clarification,2
1214,Suarezchester Bypass Project,2024-11-15,2024-12-15,Closed,Utility Relocation,Effort for suddenly glass bill reflect green gun know ahead beautiful space blue week heavy eat them wait.,True,30,DOT Inspector,Medium,19320.88,Preconstruction,Design Change,4
1215,Ethanhaven Bypass Project,2025-01-31,2025-02-13,Answered,Pavement Materials,Newspaper four treat spring rise feel east item to after cold analysis add technology energy or discover.,True,13,Subcontractor,Low,9696.27,Paving,Material Substitution,4
1216,Annfurt Bypass Project,2025-01-03,2025-01-28,Open,Utility Relocation,Entire course trial quickly course into dog since best theory receive store care to former doctor forget teacher.,True,25,Civil Engineer,Medium,36366.93,Preconstruction,Design Change,3
1217,Williamsonside Bypass Project,2025-01-06,2025-01-16,Open,Lane Closures,Consumer reveal image score game lawyer city receive along group Democrat.,False,10,DOT Inspector,Medium,25396.02,Paving,Material Substitution,4
1218,Kathymouth Bypass Project,2025-04-11,2025-05-04,Closed,Road Grading,Police officer health win out tree carry hard job message only ago add teach them value their yeah level life everybody way successful wish star.,True,23,Civil Engineer,High,164977.76,Excavation,Clarification,2
1219,Davisstad Bypass Project,2024-11-29,2024-12-11,Answered,Stormwater Drainage,Claim marriage reason pattern close five kitchen reveal material until process everything college left daughter reality where enough door particular.,False,12,General Contractor,Medium,41353.24,Excavation,Design Change,4
1220,Bryanfort Bypass Project,2024-11-01,2024-11-17,Pending Review,Soil Compaction,Sign piece card machine someone record age check simply development soldier door several TV major many.,True,16,General Contractor,Medium,14238.27,Preconstruction,Design Change,5
1221,East Christopher Bypass Project,2025-01-19,2025-02-13,Open,Lane Closures,Item almost listen tell current future politics program green difficult.,False,25,Civil Engineer,Medium,45718.6,Inspection,Clarification,5
1222,New Cynthia Bypass Project,2025-02-06,2025-03-08,Answered,Traffic Signage,Compare same early imagine what anything glass price leader never maybe trip south fall.,True,30,Civil Engineer,Medium,13015.93,Paving,Clarification,5
1223,Foxburgh Bypass Project,2025-03-13,2025-03-18,Pending Review,Stormwater Drainage,Moment understand miss artist its perform himself method travel work result thank act bit order serious.,False,5,DOT Inspector,Low,3418.23,Excavation,Material Substitution,5
1224,Colemouth Bypass Project,2024-11-05,2024-12-04,Answered,Guardrail Placement,Wrong from happen quickly two could when community management me budget adult run with.,False,29,General Contractor,Low,6926.96,Preconstruction,Conflict Resolution,5
1225,New John Bypass Project,2025-03-29,2025-04-21,Open,Utility Relocation,Be how method partner budget student remember trouble where up everything whatever statement voice.,False,23,DOT Inspector,Low,4047.37,Excavation,Design Change,2
1226,Taraside Bypass Project,2024-12-29,2025-01-10,Pending Review,Traffic Signage,South space method east if ever approach fire view those land mission wear might happen stand.,False,12,Subcontractor,Medium,19372.43,Preconstruction,Design Change,4
1227,South Dan Bypass Project,2024-12-21,2025-01-04,Answered,Soil Compaction,Town scene water stop scientist need professional should better benefit affect city film produce difficult yes coach identify bring miss put.,False,14,DOT Inspector,Low,2741.21,Paving,Conflict Resolution,3
1228,East William Bypass Project,2025-02-20,2025-03-14,Answered,Traffic Signage,Allow responsibility defense need sometimes soldier summer approach major mean hear first deep agency about believe politics American book than eat.,True,22,General Contractor,Medium,45399.59,Paving,Conflict Resolution,5
1229,Brewerland Bypass Project,2025-02-12,2025-03-10,Open,Pavement Materials,Partner where knowledge different decide budget inside act clear from much issue.,False,26,DOT Inspector,Medium,45277.14,Paving,Material Substitution,5
1230,West Maryland Bypass Project,2024-11-24,2024-12-01,Open,Pavement Materials,Run story develop place play relationship common news rule chair whom boy third bill our practice record hard.,True,7,Subcontractor,High,160349.63,Excavation,Clarification,5
1231,South Shannonmouth Bypass Project,2025-03-10,2025-04-08,Pending Review,Road Grading,Republican improve water resource poor top source fact throw despite same us yourself experience foot third sing mission Mrs owner it number.,False,29,DOT Inspector,Medium,45780.08,Preconstruction,Conflict Resolution,4
1232,Garrettbury Bypass Project,2024-12-31,2025-01-28,Answered,Bridge Joint Design,Possible about large key friend threat necessary fly nothing radio common which point next administration also within win science.,True,28,General Contractor,Medium,36210.49,Paving,Material Substitution,3
1233,Tanyafurt Bypass Project,2024-11-21,2024-12-16,Answered,Pavement Materials,Or where democratic some next stand word season report bill cause outside successful represent themselves act.,True,25,Civil Engineer,Medium,30223.07,Preconstruction,Design Change,5
1234,Justinmouth Bypass Project,2025-01-23,2025-01-27,Closed,Pavement Materials,Open price evidence character him doctor peace everybody church range possible evidence truth point turn music case.,False,4,Civil Engineer,Low,4105.54,Inspection,Clarification,4
1235,Lake Teresa Bypass Project,2025-02-11,2025-02-18,Answered,Pavement Materials,Produce well play tonight four time authority defense draw product air choice everyone available president true lose take everyone conference crime civil.,False,7,DOT Inspector,Low,4370.9,Paving,Conflict Resolution,5
1236,Davismouth Bypass Project,2024-12-26,2025-01-24,Closed,Pavement Materials,Mr soldier half consider blue this personal sport include yes project doctor better admit movement this.,False,29,DOT Inspector,Medium,21684.49,Preconstruction,Clarification,2
1237,Victoriaville Bypass Project,2025-01-03,2025-01-27,Closed,Road Grading,Pattern soon wrong happen than media respond gun role interesting officer boy lay water in get wish simple second music.,False,24,Subcontractor,Medium,47407.01,Excavation,Conflict Resolution,3
1238,Baileyland Bypass Project,2025-03-12,2025-03-18,Open,Lane Closures,Region industry eye control character dog simple your art part major.,True,6,Subcontractor,Medium,49677.78,Preconstruction,Clarification,5
1239,Santiagoview Bypass Project,2024-12-15,2024-12-19,Answered,Lane Closures,Group election prevent dinner receive ago really first east mission statement feel stand care family camera bring.,True,4,General Contractor,Medium,30068.29,Preconstruction,Conflict Resolution,5
1240,Houstonstad Bypass Project,2024-11-10,2024-12-06,Closed,Soil Compaction,Leg country stock still address learn with talk upon social save without color some history laugh pay century able.,True,26,Civil Engineer,High,198536.02,Inspection,Clarification,2
1241,West Charlesport Bypass Project,2024-11-03,2024-11-23,Closed,Bridge Joint Design,You say month nearly tell star fine hard save concern majority property various can.,False,20,General Contractor,Low,5262.71,Inspection,Material Substitution,5
1242,North Matthew Bypass Project,2025-02-25,2025-03-21,Closed,Utility Relocation,Himself out job everything while address rate across today lay one woman full herself site across economy leader.,False,24,Subcontractor,Low,6969.52,Preconstruction,Material Substitution,4
1243,Smithport Bypass Project,2025-02-12,2025-03-10,Pending Review,Lane Closures,Easy mention foreign growth sing test break attack standard arrive run so green school.,True,26,General Contractor,High,127394.7,Paving,Conflict Resolution,4
1244,West Sharon Bypass Project,2024-11-25,2024-12-04,Answered,Guardrail Placement,Support true open field modern possible enter growth task writer group stop manager.,True,9,Subcontractor,Low,1846.52,Paving,Clarification,2
1245,Cookland Bypass Project,2025-03-23,2025-04-04,Closed,Stormwater Drainage,Campaign finish prevent crime reality ago able site interesting call performance investment nation wide himself successful the start interview forget other city those.,False,12,DOT Inspector,Low,2411.34,Inspection,Material Substitution,4
1246,Christopherport Bypass Project,2025-02-02,2025-02-25,Pending Review,Pavement Materials,Economic offer painting almost standard billion north pay mouth all ok fast car law pay.,True,23,Subcontractor,Medium,10037.56,Inspection,Conflict Resolution,5
1247,Kathleenmouth Bypass Project,2024-12-05,2024-12-24,Closed,Bridge Joint Design,Probably spring throughout gun age reality man simply call among yard.,True,19,Civil Engineer,Medium,25999.57,Preconstruction,Design Change,4
1248,Bowenstad Bypass Project,2024-11-11,2024-12-06,Pending Review,Lane Closures,Modern free build within rock specific few create friend four soldier establish born yourself build drug support new fire will remain among impact adult.,True,25,General Contractor,Low,9193.04,Inspection,Clarification,3
1249,Chapmanville Bypass Project,2025-02-22,2025-03-07,Pending Review,Lane Closures,Goal quite religious north tend improve risk effort blood cover much particularly song whatever land someone fly wear black.,True,13,DOT Inspector,Medium,13256.22,Paving,Design Change,2
1250,Lake Danielside Bypass Project,2025-02-08,2025-03-07,Open,Utility Relocation,Next discuss red from type term management before prevent measure maybe former admit myself million.,True,27,Civil Engineer,High,182348.39,Inspection,Design Change,5
1251,Dylanside Bypass Project,2024-12-17,2024-12-26,Answered,Bridge Joint Design,Hour pattern serious customer school whole town above relationship late news whatever government represent sound land year which a.,True,9,Subcontractor,High,149732.2,Inspection,Design Change,2
1252,North Yolanda Bypass Project,2025-03-06,2025-03-14,Closed,Pavement Materials,Garden next where recent simple ability north third college add success argue behavior time member.,False,8,Subcontractor,Low,7231.03,Inspection,Conflict Resolution,5
1253,Jonborough Bypass Project,2025-03-28,2025-04-22,Answered,Pavement Materials,Research security follow budget themselves suddenly kitchen security perhaps evening may tell former toward.,True,25,Subcontractor,High,176852.64,Inspection,Design Change,2
1254,South Alexanderberg Bypass Project,2025-02-17,2025-03-19,Open,Pavement Materials,Find add yeah close nearly very act see author piece voice bill with too.,False,30,General Contractor,Medium,43766.23,Inspection,Clarification,2
1255,South David Bypass Project,2025-01-11,2025-01-26,Open,Utility Relocation,Everybody truth anything fast color time three information form arm decade anyone rock of before painting marriage kind quality much peace clearly gun.,False,15,Civil Engineer,Medium,38131.3,Excavation,Design Change,3
1256,West James Bypass Project,2025-03-20,2025-04-07,Answered,Traffic Signage,Charge bar research mission under part place who view out right shoulder attorney need back ground role develop agent network anything PM throughout usually.,False,18,General Contractor,Low,3364.8,Paving,Design Change,3
1257,Newtonside Bypass Project,2024-11-25,2024-12-10,Answered,Pavement Materials,Some option since evidence open turn fact cultural week behavior society cold oil light data half four rate always street.,True,15,DOT Inspector,Medium,31069.9,Inspection,Design Change,5
1258,North Michelle Bypass Project,2025-03-27,2025-04-09,Open,Road Grading,Song truth mother guy place another probably above interesting effort rate answer happy performance job side wait picture several deep own act clear.,True,13,DOT Inspector,Medium,15902.73,Inspection,Clarification,3
1259,Valdezberg Bypass Project,2025-02-28,2025-03-28,Answered,Bridge Joint Design,Yet phone morning hold art owner recognize truth entire course gas remember player store under quality.,False,28,DOT Inspector,Low,5124.57,Paving,Design Change,3
1260,Beckybury Bypass Project,2024-11-24,2024-12-14,Open,Bridge Joint Design,Interest become win pass even contain miss evening pass fall mention station when want high resource upon according college lose.,True,20,DOT Inspector,Medium,47352.29,Inspection,Design Change,3
1261,Grantland Bypass Project,2025-03-09,2025-03-12,Answered,Utility Relocation,Example family high other major business everybody four later network as become everyone computer see late mean media truth paper get probably.,False,3,Subcontractor,Medium,17103.59,Preconstruction,Conflict Resolution,5
1262,East Paula Bypass Project,2025-02-27,2025-03-05,Answered,Guardrail Placement,Everything city party happen field boy yeah moment weight music realize physical any fast open star easy develop I age.,False,6,General Contractor,Medium,17482.93,Excavation,Material Substitution,2
1263,Torresstad Bypass Project,2025-01-27,2025-02-08,Pending Review,Pavement Materials,Energy hard high control employee with these student want relate company top ago work.,True,12,Subcontractor,Medium,36929.59,Excavation,Conflict Resolution,2
1264,Mariahtown Bypass Project,2024-11-07,2024-11-22,Pending Review,Guardrail Placement,Manager factor check summer whatever rather with visit pull baby car film benefit station word less kitchen hold.,False,15,Subcontractor,High,168081.61,Preconstruction,Clarification,4
1265,Houseshire Bypass Project,2025-04-01,2025-04-09,Answered,Stormwater Drainage,Go computer sport now clearly project method six end six bad summer who score oil office whether plan participant bad our news meet.,True,8,Subcontractor,High,164702.53,Excavation,Conflict Resolution,2
1266,North Edwin Bypass Project,2024-11-06,2024-11-10,Open,Bridge Joint Design,Matter skin race piece ten whose investment nothing particularly discuss person none whole.,False,4,Subcontractor,Medium,20706.97,Preconstruction,Conflict Resolution,4
1267,Mcconnellshire Bypass Project,2025-03-27,2025-04-09,Closed,Lane Closures,Executive anything challenge room color fine build star simply attention keep candidate car water real better matter plant.,True,13,Civil Engineer,High,162609.24,Preconstruction,Design Change,4
1268,Lake Alisha Bypass Project,2024-12-28,2025-01-15,Closed,Lane Closures,Send beat race religious order will indicate well whatever story store since away carry finally own win production part significant important know himself.,True,18,Civil Engineer,High,142817.69,Paving,Material Substitution,3
1269,Lake Kim Bypass Project,2024-11-20,2024-11-27,Answered,Pavement Materials,Better difference prepare action ten second song lose different every save security face page week next your employee economic customer free night pressure each back.,False,7,Subcontractor,Medium,33291.05,Paving,Clarification,5
1270,Lake Joshuamouth Bypass Project,2025-03-01,2025-03-15,Pending Review,Road Grading,Green bill fill bar food Mrs great glass possible letter positive others way several painting soon decision.,True,14,Civil Engineer,Medium,24246.73,Excavation,Clarification,4
1271,Mitchellchester Bypass Project,2025-02-07,2025-02-17,Closed,Pavement Materials,Attack late apply today such general PM concern week agree word news shake everything.,True,10,Subcontractor,Low,4364.33,Excavation,Material Substitution,4
1272,Brandonview Bypass Project,2024-12-25,2025-01-24,Answered,Stormwater Drainage,Story son response maintain our group check this stand leave might radio article civil.,False,30,General Contractor,Medium,26223.83,Paving,Material Substitution,5
1273,North Michaeltown Bypass Project,2025-03-07,2025-03-19,Open,Lane Closures,Themselves action cup hear whether serious practice against environmental foot health again fund sense itself compare south reflect never fine pretty star eight.,True,12,Subcontractor,Medium,19574.61,Excavation,Design Change,3
1274,Port Joshuamouth Bypass Project,2025-02-15,2025-03-06,Answered,Soil Compaction,Herself city relationship help reality statement onto few newspaper close environmental.,False,19,Civil Engineer,Medium,40887.44,Preconstruction,Clarification,3
1275,Sarahmouth Bypass Project,2024-12-17,2025-01-09,Answered,Utility Relocation,Change common production above never above apply check pay care else.,True,23,DOT Inspector,High,193115.08,Paving,Design Change,4
1276,Shannonborough Bypass Project,2025-04-13,2025-04-18,Pending Review,Pavement Materials,Man there theory manager magazine music seat my woman staff what pay Mrs black.,False,5,DOT Inspector,Medium,17687.82,Paving,Clarification,5
1277,South Nancy Bypass Project,2025-02-24,2025-02-28,Open,Pavement Materials,Red employee price carry act center tend industry executive tend born station push speak green both appear return figure at hotel.,False,4,Subcontractor,Medium,34055.2,Inspection,Design Change,5
1278,Lake Miguelville Bypass Project,2025-01-19,2025-02-05,Open,Stormwater Drainage,Brother interesting which company black matter name story fight do officer against lot size red through day condition argue religious city whether.,False,17,General Contractor,High,146201.4,Preconstruction,Conflict Resolution,5
1279,Curtisfort Bypass Project,2025-03-15,2025-03-22,Answered,Pavement Materials,Serve together present drug whom us far gun well actually lot book artist impact back game popular moment capital approach wife.,False,7,General Contractor,Medium,18537.22,Inspection,Design Change,3
1280,West Michael Bypass Project,2025-01-04,2025-01-08,Pending Review,Utility Relocation,Thus travel rich start manager sell sell feeling bag represent budget theory own glass back next song save actually indeed Mr between century.,True,4,Civil Engineer,Medium,15689.71,Preconstruction,Conflict Resolution,2
1281,Nguyenfort Bypass Project,2025-01-25,2025-01-31,Closed,Stormwater Drainage,International paper need case phone list collection pretty force reduce what shoulder road cover.,True,6,DOT Inspector,Medium,20114.22,Paving,Material Substitution,4
1282,Lake Connorburgh Bypass Project,2025-04-11,2025-05-01,Closed,Traffic Signage,True trip class person while off page it weight draw ok station provide throw thank right fact relationship.,True,20,General Contractor,High,182569.56,Inspection,Design Change,3
1283,Laraberg Bypass Project,2024-12-27,2025-01-25,Open,Lane Closures,Tree fact maybe year simply determine study finally letter low after charge situation long control same week nearly.,False,29,Civil Engineer,Medium,12032.21,Excavation,Material Substitution,5
1284,Brittanymouth Bypass Project,2025-04-06,2025-04-26,Open,Lane Closures,Thing listen place customer public save box billion what fund security among before social recent new behavior.,True,20,Civil Engineer,Low,2559.55,Paving,Conflict Resolution,4
1285,Tammyton Bypass Project,2025-04-01,2025-04-05,Open,Road Grading,Story arrive speech base address also fish research close pressure wide imagine collection expert group kid service might herself fight economy administration.,True,4,Civil Engineer,Medium,26192.4,Preconstruction,Design Change,5
1286,Jimmyside Bypass Project,2025-01-20,2025-02-18,Answered,Road Grading,Than live should gas race which line million music peace number set grow night situation lot affect war figure become prepare notice same others.,True,29,DOT Inspector,Medium,45044.97,Paving,Clarification,3
1287,Port Kristintown Bypass Project,2025-02-18,2025-02-25,Closed,Stormwater Drainage,Upon want teach actually wish defense no worry imagine whom amount resource hard edge happen million movement left language difficult become friend.,True,7,Subcontractor,High,146062.34,Preconstruction,Design Change,3
1288,Cardenasfort Bypass Project,2024-12-23,2025-01-13,Pending Review,Lane Closures,Newspaper hospital view as hit former set their high letter center enter resource minute teach let.,True,21,Civil Engineer,Medium,30854.92,Excavation,Design Change,5
1289,Kerrmouth Bypass Project,2024-12-14,2025-01-03,Closed,Soil Compaction,Himself road reflect pretty exist central message some word account senior social arm picture identify time.,True,20,Civil Engineer,Low,1733.03,Excavation,Conflict Resolution,5
1290,New Vincent Bypass Project,2024-11-23,2024-12-08,Answered,Guardrail Placement,Nor read response election respond among hour consumer whose throw form oil safe sound bag any fill boy or culture scientist watch.,False,15,DOT Inspector,Low,1756.86,Excavation,Design Change,4
1291,Harrisshire Bypass Project,2025-03-05,2025-04-01,Pending Review,Soil Compaction,Shoulder nor use dog sound attention need person under major west vote card project really agency crime church claim force include away quality.,True,27,DOT Inspector,Low,9646.98,Preconstruction,Conflict Resolution,3
1292,Andreaborough Bypass Project,2024-11-17,2024-11-22,Closed,Lane Closures,Win none even road part current our thing find agree war against material seem watch.,True,5,General Contractor,Medium,28598.29,Inspection,Design Change,5
1293,Poolemouth Bypass Project,2025-03-29,2025-04-27,Answered,Stormwater Drainage,Toward talk happy serious choose explain break part unit southern purpose fact food character offer news continue student top last condition.,True,29,Civil Engineer,High,50912.05,Inspection,Clarification,5
1294,Vasquezburgh Bypass Project,2024-12-03,2024-12-22,Closed,Lane Closures,Fish main matter poor specific throw hit record concern she new visit safe each water save read require five character check.,False,19,DOT Inspector,Medium,28562.03,Preconstruction,Clarification,3
1295,Deborahland Bypass Project,2025-01-03,2025-01-31,Open,Traffic Signage,Face address much with course late write great gun visit us responsibility source oil north.,False,28,Civil Engineer,Low,5672.7,Excavation,Material Substitution,4
1296,Lewisside Bypass Project,2025-03-22,2025-04-06,Closed,Utility Relocation,Perhaps task management defense country improve natural air create simply when section walk determine forget network meeting despite might.,True,15,Civil Engineer,High,148162.5,Paving,Clarification,3
1297,Anitaland Bypass Project,2025-03-07,2025-04-05,Closed,Stormwater Drainage,One herself note his brother since network impact amount to computer light teacher same any section where receive well situation kitchen trade week people.,True,29,Subcontractor,Medium,30572.85,Preconstruction,Clarification,4
1298,Houstonstad Bypass Project,2025-03-28,2025-04-25,Pending Review,Bridge Joint Design,Must rather address she five whatever risk author east look ask green report author.,True,28,DOT Inspector,Medium,36181.1,Preconstruction,Material Substitution,4
1299,Lake Petershire Bypass Project,2024-12-16,2024-12-27,Open,Lane Closures,Choice wide stage heavy high deep however common age right reflect help task and enough total analysis attention model arm road rich clear.,True,11,Subcontractor,Medium,11866.25,Paving,Conflict Resolution,2
1300,Cantrellmouth Bypass Project,2025-04-14,2025-04-18,Pending Review,Pavement Materials,Enough mission yet clearly market political decade bit then of left item property resource too.,False,4,Civil Engineer,Medium,37982.24,Excavation,Material Substitution,2
1301,Denisefort Bypass Project,2025-02-22,2025-03-08,Answered,Traffic Signage,Wait notice human receive push offer toward evidence discuss old bank cup car claim them door.,True,14,Civil Engineer,Low,4363.13,Inspection,Conflict Resolution,5
1302,South Ashley Bypass Project,2024-11-09,2024-11-28,Pending Review,Stormwater Drainage,Determine receive keep news rest bag small fact first property beat that between toward over only ok member religious.,True,19,General Contractor,Medium,32071.03,Preconstruction,Conflict Resolution,2
1303,Taylormouth Bypass Project,2025-02-14,2025-03-05,Closed,Soil Compaction,Heavy serious expert eye western hit close tend look lead director care little.,True,19,Civil Engineer,High,149222.88,Preconstruction,Conflict Resolution,4
1304,Danielletown Bypass Project,2025-02-22,2025-03-12,Closed,Soil Compaction,Career area follow decision now skill upon serious follow beat soon.,True,18,DOT Inspector,Medium,30789.09,Excavation,Conflict Resolution,3
1305,Lowerychester Bypass Project,2024-12-15,2024-12-24,Pending Review,Pavement Materials,City window animal ball each protect student while food fly very everyone election open ok late manage film use another turn manager.,False,9,DOT Inspector,Low,8736.53,Excavation,Conflict Resolution,5
1306,North Crystal Bypass Project,2024-11-27,2024-12-15,Closed,Stormwater Drainage,Positive along share start compare even describe loss free mother last dark end ready score better energy certain unit any his.,True,18,Subcontractor,High,182371.72,Inspection,Design Change,4
1307,Lake Jessicaland Bypass Project,2024-11-28,2024-12-17,Closed,Guardrail Placement,Major office for point ask start tend degree catch sit world late save with son garden.,False,19,Subcontractor,Medium,33379.4,Preconstruction,Conflict Resolution,3
1308,Port Gerald Bypass Project,2025-01-15,2025-02-11,Closed,Soil Compaction,Suggest score box necessary baby other tend suggest product last house visit walk visit.,True,27,Subcontractor,Medium,14243.43,Paving,Conflict Resolution,4
1309,Dorseyberg Bypass Project,2024-11-16,2024-12-12,Answered,Traffic Signage,Pattern claim tell free fund kid property leg heavy learn strong light before campaign organization plant might machine little the foreign success condition sell establish.,True,26,Civil Engineer,High,134520.08,Paving,Design Change,2
1310,Thomastown Bypass Project,2024-11-18,2024-11-30,Pending Review,Traffic Signage,Lay these area several answer true certain second sea security morning style all.,False,12,Subcontractor,Low,7272.55,Inspection,Material Substitution,2
1311,Douglasfort Bypass Project,2025-02-13,2025-03-13,Closed,Bridge Joint Design,Charge computer find third another nature space black according remember no break pass administration mouth rule surface difficult force we at situation.,True,28,General Contractor,Medium,14427.5,Excavation,Clarification,2
1312,South Jenniferside Bypass Project,2024-11-24,2024-12-24,Answered,Bridge Joint Design,Couple environment million final guess scientist minute across well list whatever before fall paper do key international.,False,30,Subcontractor,Low,4885.22,Excavation,Material Substitution,2
1313,Figueroabury Bypass Project,2025-03-06,2025-03-23,Answered,Pavement Materials,Political space investment ever little others outside experience heavy and.,True,17,DOT Inspector,Medium,28731.5,Inspection,Conflict Resolution,3
1314,Selenafurt Bypass Project,2025-03-15,2025-04-01,Answered,Lane Closures,Detail foreign country radio watch adult value half end outside half rule establish whole lay prove town.,True,17,Civil Engineer,High,82351.16,Excavation,Design Change,5
1315,Tinaville Bypass Project,2025-02-02,2025-02-20,Pending Review,Traffic Signage,Relate add fall stop ball court probably anything quickly weight dream office type article.,False,18,DOT Inspector,Medium,29165.19,Inspection,Clarification,3
1316,Lake Zacharyborough Bypass Project,2024-12-02,2024-12-05,Closed,Guardrail Placement,Success situation rise stay party safe bad situation population white attack sister ever military his production item through usually major body boy weight make.,True,3,DOT Inspector,Medium,12738.32,Inspection,Conflict Resolution,2
1317,East Coltonfurt Bypass Project,2025-02-26,2025-03-02,Pending Review,Stormwater Drainage,Could yes its film dinner guess moment gas themselves situation contain hair form meet throw bring within care talk cost thought kind.,False,4,General Contractor,Low,7689.1,Inspection,Clarification,3
1318,Port Tyroneside Bypass Project,2025-04-03,2025-04-27,Pending Review,Utility Relocation,Value personal parent drive hand until professional trip black game yeah woman ever key.,False,24,DOT Inspector,Low,8879.82,Preconstruction,Material Substitution,4
1319,West Kimberly Bypass Project,2024-12-18,2024-12-30,Open,Stormwater Drainage,Some cause many wrong blood company rest add trade enjoy choose official foot not professor this kitchen ground instead common.,False,12,Civil Engineer,Medium,25396.73,Excavation,Design Change,3
1320,Justinview Bypass Project,2024-11-09,2024-11-13,Answered,Pavement Materials,Discussion alone real toward enough couple security blue understand sure total.,False,4,General Contractor,Low,2215.18,Paving,Material Substitution,2
1321,Port Travis Bypass Project,2025-03-01,2025-03-17,Pending Review,Pavement Materials,Final maybe help artist land enter but series think week seat best.,True,16,DOT Inspector,Medium,18878.08,Preconstruction,Clarification,4
1322,Port Kennethfurt Bypass Project,2024-11-05,2024-11-17,Answered,Pavement Materials,Event ball reflect prove ask just say onto cover direction personal view.,False,12,DOT Inspector,Medium,37552.05,Paving,Conflict Resolution,2
1323,Amandaville Bypass Project,2024-12-29,2025-01-16,Pending Review,Stormwater Drainage,Light car culture tend policy total analysis hair safe production my.,True,18,DOT Inspector,High,191780.3,Excavation,Material Substitution,2
1324,Riveratown Bypass Project,2025-01-03,2025-01-11,Answered,Road Grading,Make war unit test those for measure there write statement field.,False,8,Civil Engineer,Medium,14043.48,Excavation,Clarification,4
1325,Timothyhaven Bypass Project,2024-12-07,2024-12-16,Closed,Soil Compaction,About example development goal mother ago remember clear politics late event drug at other often career reality already cause live dinner training.,True,9,Civil Engineer,Medium,24230.01,Preconstruction,Design Change,3
1326,Priceside Bypass Project,2025-03-03,2025-03-15,Pending Review,Soil Compaction,President another major eye hotel take star language by important discuss.,False,12,General Contractor,Low,9495.13,Paving,Conflict Resolution,5
1327,New Stephenfurt Bypass Project,2024-11-23,2024-12-22,Open,Utility Relocation,Born machine assume former ready production by throughout important whose discover.,False,29,General Contractor,Low,5125.76,Preconstruction,Clarification,5
1328,Brianborough Bypass Project,2024-12-19,2025-01-03,Closed,Guardrail Placement,Run box mouth travel through forward must write thought manage recent scene.,False,15,Subcontractor,Low,7499.35,Preconstruction,Material Substitution,2
1329,New Jameston Bypass Project,2024-12-13,2024-12-23,Open,Stormwater Drainage,Themselves machine according author early different you dinner through owner hold politics.,False,10,General Contractor,Low,3042.69,Excavation,Conflict Resolution,3
1330,Johnnymouth Bypass Project,2024-11-20,2024-12-02,Closed,Road Grading,Have participant or rather bring which card I eye simply occur seek three physical.,True,12,Subcontractor,Medium,25192.44,Paving,Conflict Resolution,4
1331,North Lauren Bypass Project,2025-01-30,2025-02-14,Closed,Road Grading,Seat leave become natural medical for seven per leave because experience condition body by.,True,15,Civil Engineer,Medium,35853.6,Inspection,Material Substitution,5
1332,Whitebury Bypass Project,2025-03-23,2025-04-15,Closed,Lane Closures,Hit note finish begin figure single up ago stay mention ball minute air particularly no decide opportunity positive why responsibility.,False,23,Civil Engineer,Medium,16983.18,Preconstruction,Material Substitution,2
1333,Gutierrezland Bypass Project,2025-02-12,2025-02-16,Answered,Traffic Signage,Suffer no near teach successful address take he new buy view.,True,4,General Contractor,Low,3817.61,Preconstruction,Conflict Resolution,4
1334,Lake Brendaport Bypass Project,2025-01-23,2025-01-30,Open,Bridge Joint Design,Institution great give act white kid question door sing financial maintain likely without population fall garden system those by student language air right.,True,7,Civil Engineer,Low,4934.68,Inspection,Design Change,3
1335,Pamelashire Bypass Project,2024-12-08,2025-01-05,Closed,Bridge Joint Design,Billion total sure type dinner various late win floor table baby man leave front drug month several do start send power control successful simply.,True,28,Civil Engineer,Medium,18421.77,Inspection,Clarification,2
1336,Cherylland Bypass Project,2025-03-20,2025-04-14,Closed,Pavement Materials,World view best yourself possible certainly create market education usually decade glass people remain.,True,25,DOT Inspector,Medium,13271.34,Excavation,Conflict Resolution,2
1337,East Elizabeth Bypass Project,2025-01-18,2025-01-24,Answered,Utility Relocation,Want throughout foreign also born star administration baby air investment hear miss phone new your talk discussion benefit.,False,6,General Contractor,Medium,35251.99,Preconstruction,Conflict Resolution,4
1338,North Brett Bypass Project,2024-11-18,2024-12-14,Pending Review,Pavement Materials,Much place the trip every instead against that window one you skin half.,True,26,General Contractor,High,73201.26,Paving,Design Change,3
1339,Williamschester Bypass Project,2025-03-04,2025-03-16,Closed,Pavement Materials,Recent can go them central consumer only not every play wall herself expert.,True,12,Civil Engineer,Medium,15681.54,Excavation,Design Change,2
1340,Williamton Bypass Project,2025-03-08,2025-03-24,Answered,Pavement Materials,Bank yourself give involve environment home American attorney arrive middle while summer effect task form station.,True,16,Subcontractor,Medium,40013.36,Paving,Conflict Resolution,5
1341,Nelsonborough Bypass Project,2024-12-29,2025-01-04,Pending Review,Road Grading,Participant seven science provide matter year arrive toward season language discover develop happy huge throughout arm order more.,True,6,General Contractor,Medium,42582.4,Inspection,Conflict Resolution,2
1342,South Chelseaview Bypass Project,2025-01-05,2025-02-04,Closed,Pavement Materials,Rate certainly one program fear executive color present charge offer western page consider TV despite become government particularly stage already seek necessary.,True,30,General Contractor,High,186341.56,Preconstruction,Design Change,5
1343,New Debbieborough Bypass Project,2025-04-05,2025-04-22,Closed,Utility Relocation,Reflect with pay far early option story truth current step collection appear manage back certain buy civil.,True,17,Subcontractor,Low,7364.18,Preconstruction,Material Substitution,2
1344,Munozbury Bypass Project,2025-02-12,2025-02-16,Pending Review,Utility Relocation,Message dream same think admit ok visit relate trouble join each capital later order because without discover activity speak kitchen least military short.,False,4,DOT Inspector,High,59903.57,Paving,Conflict Resolution,2
1345,Wilsonview Bypass Project,2024-11-22,2024-12-18,Pending Review,Lane Closures,Sort argue reflect measure wife industry say deal move special program ground bad.,False,26,Subcontractor,Medium,48531.41,Inspection,Material Substitution,2
1346,Stevensburgh Bypass Project,2024-12-27,2025-01-07,Open,Stormwater Drainage,Concern street pass Republican section mission one service represent coach environment during people together officer Democrat as pick each story nearly benefit nothing every image.,False,11,Civil Engineer,Medium,30431.4,Inspection,Design Change,2
1347,Amandachester Bypass Project,2025-03-14,2025-03-22,Closed,Stormwater Drainage,Difficult small a treatment dark town save challenge fall heavy miss few improve whatever huge cultural past.,False,8,DOT Inspector,Medium,43347.2,Paving,Conflict Resolution,2
1348,Bauerhaven Bypass Project,2025-03-23,2025-04-02,Closed,Utility Relocation,Against crime listen out become society cultural adult decade marriage loss.,True,10,Civil Engineer,Medium,47115.25,Excavation,Design Change,5
1349,Nicoleburgh Bypass Project,2025-04-04,2025-04-14,Open,Guardrail Placement,Long ground simple first start quality as find since everybody opportunity relate man prevent others how person.,True,10,Subcontractor,Medium,29866.4,Inspection,Design Change,3
1350,Markburgh Bypass Project,2024-12-18,2025-01-13,Pending Review,Lane Closures,Technology home image set art door young agreement brother lawyer significant ball international left.,False,26,Civil Engineer,Medium,37721.63,Excavation,Material Substitution,5
1351,Onealstad Bypass Project,2025-02-17,2025-03-11,Open,Guardrail Placement,Current state land indeed theory seven place right painting avoid federal thus include high need business.,False,22,DOT Inspector,Medium,22125.21,Excavation,Material Substitution,4
1352,Thomasberg Bypass Project,2025-01-27,2025-02-05,Closed,Road Grading,Certainly she seem well scientist lawyer manager good know former hundred reflect growth.,False,9,Subcontractor,Medium,42733.62,Paving,Design Change,2
1353,New John Bypass Project,2024-11-28,2024-12-06,Closed,Bridge Joint Design,Attention they over process enough relationship watch gun include material these bank power environmental think body success democratic newspaper glass be.,False,8,Subcontractor,Low,1703.21,Preconstruction,Conflict Resolution,4
1354,Blacktown Bypass Project,2025-03-25,2025-04-08,Pending Review,Bridge Joint Design,Gun son skin compare after effort yard final whether spend continue leave amount cell result right town rate throughout.,True,14,General Contractor,Medium,46835.96,Paving,Conflict Resolution,4
1355,West Sherry Bypass Project,2025-02-02,2025-02-07,Open,Stormwater Drainage,Area win important major our along free stock religious war inside agent education look.,False,5,General Contractor,Low,8291.55,Excavation,Conflict Resolution,5
1356,New Claudia Bypass Project,2025-02-03,2025-03-03,Answered,Traffic Signage,Detail list leg smile dream system country kind sure truth him blood around century rate teacher smile.,True,28,Subcontractor,Medium,38942.47,Inspection,Conflict Resolution,4
1357,Dannystad Bypass Project,2025-01-19,2025-02-01,Closed,Soil Compaction,Garden compare scientist especially plant and growth bill carry build listen condition.,False,13,General Contractor,Low,8768.73,Inspection,Material Substitution,2
1358,New Nathanfort Bypass Project,2025-03-18,2025-04-09,Answered,Stormwater Drainage,Them land one same others decade ready discover past poor campaign night color.,False,22,Subcontractor,Low,2364.57,Paving,Clarification,4
1359,West Jenniferside Bypass Project,2025-01-01,2025-01-08,Answered,Utility Relocation,Amount short husband eye fish maintain issue of thank result brother kid mother president cost hair write expert move firm.,False,7,Civil Engineer,Low,9207.22,Excavation,Clarification,3
1360,Christineland Bypass Project,2025-04-12,2025-04-21,Closed,Lane Closures,Conference really myself history war campaign war shoulder interesting society clearly form case evidence provide watch network impact final between grow.,True,9,Civil Engineer,Medium,21357.69,Excavation,Clarification,3
1361,North Peterbury Bypass Project,2024-12-25,2025-01-24,Answered,Pavement Materials,Compare rather drive hospital compare heart girl parent dark clearly box friend ground baby build participant old level offer.,True,30,General Contractor,Medium,19646.12,Excavation,Conflict Resolution,3
1362,Stevensfort Bypass Project,2025-01-13,2025-01-31,Pending Review,Lane Closures,Religious ready hard these week cause staff candidate effort yes second challenge how reach determine anything modern card able reach successful change imagine just.,True,18,General Contractor,Low,9947.26,Inspection,Clarification,3
1363,Kristenburgh Bypass Project,2024-11-19,2024-12-13,Answered,Pavement Materials,Wear discussion ago various dog evidence operation idea participant lose item successful firm.,True,24,Subcontractor,Medium,27340.08,Preconstruction,Conflict Resolution,3
1364,Sandrastad Bypass Project,2025-01-30,2025-02-24,Closed,Utility Relocation,Individual animal give news win ground attack hold always yet anything paper capital alone herself star box term daughter.,False,25,Civil Engineer,Low,5083.36,Paving,Conflict Resolution,2
1365,South Elizabeth Bypass Project,2024-11-20,2024-12-10,Pending Review,Utility Relocation,Performance choice skin beyond various she south reality dream fact its medical five treatment agency point month four claim live since.,False,20,DOT Inspector,Low,2229.51,Excavation,Design Change,5
1366,Ginaport Bypass Project,2024-12-09,2024-12-30,Closed,Guardrail Placement,Suddenly way cultural get relate assume form environmental write gas church.,True,21,Civil Engineer,High,117628.55,Inspection,Conflict Resolution,4
1367,South Dawn Bypass Project,2024-12-20,2025-01-17,Open,Lane Closures,Staff message likely blood near girl according available artist glass whatever happen in your memory ever and range body beat thought size.,False,28,General Contractor,Medium,46498.31,Excavation,Design Change,5
1368,North Robert Bypass Project,2024-12-12,2025-01-07,Pending Review,Lane Closures,Certain push window condition member detail analysis action natural movie buy alone threat democratic agent owner.,True,26,Subcontractor,High,139517.75,Inspection,Clarification,4
1369,West Tammyberg Bypass Project,2024-11-24,2024-12-15,Answered,Lane Closures,Man build dream street theory second character above probably small ahead glass effort unit hour thing character central five friend hit.,True,21,Subcontractor,Medium,37811.13,Inspection,Conflict Resolution,5
1370,Williamsmouth Bypass Project,2024-12-18,2024-12-21,Closed,Utility Relocation,Watch smile deal talk three yet miss task yes exactly media film couple owner quickly build power public question.,True,3,DOT Inspector,High,50648.49,Inspection,Material Substitution,4
1371,West Tammy Bypass Project,2025-03-03,2025-04-01,Pending Review,Utility Relocation,Stage drive off race partner war baby own end professor sure.,False,29,Civil Engineer,High,124271.79,Excavation,Conflict Resolution,3
1372,Justinton Bypass Project,2025-01-06,2025-01-25,Open,Road Grading,Pretty position choice word democratic long seat why pattern through mouth art woman partner pattern even player resource save out.,True,19,DOT Inspector,Low,3957.62,Paving,Material Substitution,4
1373,Port Angela Bypass Project,2024-12-27,2025-01-14,Closed,Road Grading,Job organization growth must move catch generation hair like here short account yourself possible.,True,18,Civil Engineer,Medium,42276.01,Inspection,Clarification,5
1374,Richardsonhaven Bypass Project,2025-01-23,2025-02-04,Answered,Lane Closures,Over buy fund measure so worker will rock town water vote sort friend among little need.,True,12,DOT Inspector,High,120011.38,Inspection,Material Substitution,2
1375,Kathleentown Bypass Project,2025-02-12,2025-03-13,Answered,Bridge Joint Design,Chance film enough despite which send bill else far candidate another hand.,True,29,Civil Engineer,Medium,13503.2,Excavation,Conflict Resolution,3
1376,South Desiree Bypass Project,2025-04-09,2025-04-15,Answered,Stormwater Drainage,Case such television she responsibility end good guess family glass easy home movie mention standard develop Congress doctor none.,True,6,DOT Inspector,Low,3164.64,Preconstruction,Conflict Resolution,3
1377,Port Johnside Bypass Project,2025-03-22,2025-03-30,Closed,Utility Relocation,Bit million impact ground positive what sense defense sing west lot speech.,False,8,DOT Inspector,Low,8014.75,Inspection,Conflict Resolution,2
1378,South William Bypass Project,2025-01-25,2025-02-19,Answered,Guardrail Placement,Feel yourself heavy area million project population accept guy bank into view third soon push fine color.,False,25,General Contractor,Medium,39620.17,Excavation,Material Substitution,4
1379,West Seantown Bypass Project,2025-01-30,2025-02-21,Closed,Bridge Joint Design,Official view should ten picture TV budget thousand he international draw dream decide free adult quickly.,True,22,General Contractor,Low,4105.08,Paving,Design Change,5
1380,Mcfarlandchester Bypass Project,2024-12-09,2024-12-24,Answered,Stormwater Drainage,Cause project wear early contain such theory black training after care.,False,15,Civil Engineer,Low,9768.0,Excavation,Conflict Resolution,4
1381,Port Nancytown Bypass Project,2024-12-10,2024-12-21,Open,Pavement Materials,Different result ready turn father however note girl sign he pull budget charge effort attorney firm sister.,True,11,Civil Engineer,Medium,11231.46,Excavation,Conflict Resolution,2
1382,North Richard Bypass Project,2025-01-03,2025-01-08,Answered,Bridge Joint Design,Maybe people her program day top fine provide nice finish last set since various young value spring strong nature listen spring.,True,5,Civil Engineer,Medium,35210.45,Excavation,Material Substitution,2
1383,North Ryan Bypass Project,2024-11-01,2024-11-09,Open,Stormwater Drainage,Girl nothing serve interesting pull conference meeting itself foreign shake front tough quite weight pay hundred poor billion people exactly sit language student.,True,8,DOT Inspector,Medium,24582.26,Inspection,Clarification,4
1384,Joshuaview Bypass Project,2025-01-14,2025-02-12,Closed,Stormwater Drainage,Require color perhaps less tough contain week large guy another end less wife.,False,29,General Contractor,Low,7907.89,Paving,Material Substitution,4
1385,North Matthewchester Bypass Project,2025-03-17,2025-03-24,Pending Review,Bridge Joint Design,Wait adult fund century style risk since weight quickly mention medical.,True,7,Civil Engineer,Medium,49206.49,Inspection,Conflict Resolution,5
1386,Ortizchester Bypass Project,2025-03-08,2025-03-16,Closed,Road Grading,Shake thought meet interesting kid within either story future picture.,True,8,General Contractor,Medium,34346.32,Paving,Design Change,2
1387,East Jillport Bypass Project,2025-02-03,2025-03-01,Answered,Soil Compaction,Like degree without want building example such bill our later would surface any instead family because.,True,26,DOT Inspector,High,136994.17,Excavation,Clarification,3
1388,North Russell Bypass Project,2025-03-02,2025-03-21,Pending Review,Traffic Signage,Discuss this move same for mouth popular market born power either theory fine firm me tax real adult admit wife dog everything.,False,19,Subcontractor,Low,6086.95,Inspection,Clarification,5
1389,West Carrieville Bypass Project,2025-01-10,2025-02-08,Pending Review,Road Grading,Network scientist a front fine camera add part third rate few event attention book feel next.,False,29,Civil Engineer,Low,7286.94,Inspection,Clarification,5
1390,Hallton Bypass Project,2024-12-03,2024-12-23,Open,Stormwater Drainage,Yourself industry season factor indicate wide allow face significant fight blue truth model various threat until.,False,20,DOT Inspector,High,52671.89,Excavation,Conflict Resolution,5
1391,Alexanderside Bypass Project,2024-12-16,2025-01-08,Closed,Road Grading,Prevent several difficult international company outside put within night inside offer executive office know.,True,23,General Contractor,Medium,15054.41,Inspection,Design Change,5
1392,Sparksmouth Bypass Project,2025-02-15,2025-03-17,Answered,Utility Relocation,Act structure address purpose ever even future statement food writer pretty tell certain back style work bar either.,True,30,Subcontractor,Medium,44760.37,Paving,Design Change,5
1393,Lake James Bypass Project,2024-11-17,2024-12-12,Open,Lane Closures,Decide worker so poor hope my inside material candidate door chair far unit rule remain.,True,25,DOT Inspector,High,171680.99,Excavation,Conflict Resolution,2
1394,East Lisa Bypass Project,2024-12-18,2024-12-24,Pending Review,Traffic Signage,Happen win why statement huge almost catch green camera play figure who lead option statement industry five.,True,6,DOT Inspector,Low,7136.14,Excavation,Conflict Resolution,5
1395,New John Bypass Project,2025-03-23,2025-04-06,Answered,Guardrail Placement,Trade lose western thought purpose imagine carry strategy another require trade door scientist air either drive employee.,False,14,General Contractor,High,68701.96,Paving,Conflict Resolution,2
1396,Christinestad Bypass Project,2025-03-11,2025-03-30,Pending Review,Road Grading,Science return beat child teach green capital at suggest where blue measure.,False,19,Subcontractor,Medium,49082.75,Excavation,Conflict Resolution,4
1397,Meganmouth Bypass Project,2024-11-22,2024-12-19,Open,Guardrail Placement,Figure matter old option writer speech plant need especially bring quickly free likely research report speech born single thank.,True,27,Civil Engineer,High,52366.82,Excavation,Conflict Resolution,4
1398,Santosfort Bypass Project,2025-04-11,2025-05-08,Pending Review,Soil Compaction,Say grow box news clear itself against anything analysis several first natural others protect say able remember send should spring role tonight Republican fill.,False,27,Civil Engineer,High,57081.9,Preconstruction,Clarification,3
1399,Murphyview Bypass Project,2025-02-12,2025-02-26,Answered,Soil Compaction,Easy teach necessary later either which job next thank from doctor hold report can part gun century in present.,True,14,General Contractor,Medium,41848.91,Preconstruction,Material Substitution,4
1400,Dunnfort Bypass Project,2025-01-22,2025-02-01,Open,Bridge Joint Design,Information level increase into military table pass easy feel however memory really.,True,10,Civil Engineer,Medium,37764.57,Preconstruction,Clarification,3
1401,Kevinview Bypass Project,2025-03-17,2025-03-27,Pending Review,Soil Compaction,Factor stock threat move her during assume your fine project bit reality she raise nothing person.,True,10,Civil Engineer,Medium,16678.97,Inspection,Conflict Resolution,4
1402,Lake Annestad Bypass Project,2025-03-21,2025-04-10,Answered,Soil Compaction,Bar rest green increase last market agreement system who fight five ten big treatment cause data either.,False,20,Civil Engineer,Low,1861.8,Preconstruction,Design Change,3
1403,Stephanieburgh Bypass Project,2024-12-16,2024-12-19,Answered,Pavement Materials,Interview oil board school common in experience understand rule check admit town produce western him both television together account time pick.,True,3,DOT Inspector,Low,5323.82,Excavation,Material Substitution,2
1404,East Elizabeth Bypass Project,2025-02-27,2025-03-02,Closed,Lane Closures,Design represent meet natural answer sit fill field set argue blue hand able worker again available quite baby hope drive these fight base present.,True,3,Civil Engineer,Medium,45214.41,Preconstruction,Design Change,5
1405,Melissaberg Bypass Project,2025-03-24,2025-04-10,Answered,Utility Relocation,Media another everyone single phone mean positive around guess success drive whether serve style admit cost school reach keep money nothing action.,True,17,Subcontractor,High,180124.58,Inspection,Design Change,5
1406,Bushville Bypass Project,2025-02-17,2025-03-18,Closed,Stormwater Drainage,Ago account third scientist order center speak program word able within true she rich suffer beyond.,False,29,General Contractor,Medium,33314.02,Preconstruction,Conflict Resolution,3
1407,South Richardland Bypass Project,2024-11-11,2024-12-01,Closed,Utility Relocation,Gun scientist public half last remember people current unit of determine since next point however difficult hear.,False,20,DOT Inspector,Medium,19664.51,Paving,Conflict Resolution,3
1408,Stanleyfurt Bypass Project,2024-12-17,2024-12-25,Closed,Stormwater Drainage,Treat into only she state first during population series large seat available hold subject understand when wonder season expect especially protect opportunity build stuff you.,False,8,Subcontractor,Low,2039.76,Excavation,Material Substitution,5
1409,Dixonview Bypass Project,2024-11-12,2024-12-03,Open,Soil Compaction,Seek professor wrong success detail trouble sense simple out environment away yard second police fact trade could us.,False,21,DOT Inspector,Medium,45682.72,Paving,Clarification,4
1410,Jenniferland Bypass Project,2025-02-13,2025-03-10,Closed,Stormwater Drainage,Soon option out stop near small statement stage key off message style what sister table business hotel.,False,25,Subcontractor,Medium,35968.65,Excavation,Clarification,5
1411,Port Katieport Bypass Project,2024-12-19,2025-01-03,Open,Utility Relocation,Sort sign part since tonight others take indeed policy often moment I nor hope result majority huge risk such I guess.,False,15,DOT Inspector,Medium,45990.31,Excavation,Design Change,4
1412,Alyssaville Bypass Project,2024-12-05,2025-01-04,Pending Review,Stormwater Drainage,Morning name century standard those price type garden down reality great like director agree task.,False,30,Subcontractor,Medium,19084.07,Preconstruction,Material Substitution,5
1413,West Rebecca Bypass Project,2025-03-08,2025-04-03,Answered,Soil Compaction,Fish environmental price describe around model serious fact appear enter sense care ever recognize at human outside family hit address under wear artist.,False,26,Civil Engineer,Medium,29608.86,Excavation,Clarification,2
1414,Carlaland Bypass Project,2025-02-13,2025-03-14,Closed,Pavement Materials,Voice agree remain require without apply current as push answer media official focus.,False,29,Subcontractor,Low,7710.15,Excavation,Conflict Resolution,5
1415,Kennethtown Bypass Project,2024-11-26,2024-12-12,Answered,Utility Relocation,Party realize natural amount fill certain minute investment security central human top.,True,16,DOT Inspector,High,174705.62,Preconstruction,Design Change,2
1416,New Luis Bypass Project,2025-02-15,2025-02-26,Answered,Lane Closures,Customer something economy book which beautiful operation and everybody word woman option end summer fire let.,True,11,DOT Inspector,Medium,11952.69,Inspection,Conflict Resolution,2
1417,Jeffreyland Bypass Project,2025-02-03,2025-03-04,Pending Review,Lane Closures,Behavior turn none road many answer head respond board allow.,False,29,General Contractor,Medium,22723.01,Inspection,Conflict Resolution,3
1418,Rachelshire Bypass Project,2025-02-08,2025-02-28,Answered,Lane Closures,Wonder also shake listen your civil new technology world democratic later camera age guess situation artist morning I.,False,20,General Contractor,Low,2955.18,Inspection,Design Change,5
1419,North Andrea Bypass Project,2025-03-10,2025-03-13,Answered,Traffic Signage,Require consider analysis every result message court about law cut per she remember true level.,False,3,DOT Inspector,Medium,20946.86,Inspection,Conflict Resolution,3
1420,West Donaldland Bypass Project,2025-03-20,2025-04-11,Pending Review,Road Grading,Appear site chair customer alone international recent name many result billion occur international stage around.,False,22,Subcontractor,Medium,42136.28,Paving,Conflict Resolution,4
1421,South Ashley Bypass Project,2025-04-07,2025-04-19,Open,Guardrail Placement,Home decide college science size top others wonder other push put serious majority apply relationship state teach who range.,True,12,Subcontractor,High,194086.47,Inspection,Design Change,5
1422,South Sabrinamouth Bypass Project,2025-02-06,2025-02-12,Pending Review,Soil Compaction,Along coach final quality could through final career write pass past should another everybody stand design doctor.,False,6,Civil Engineer,Medium,32363.99,Paving,Conflict Resolution,2
1423,South Lori Bypass Project,2025-01-27,2025-02-04,Closed,Bridge Joint Design,Policy back bank citizen speak subject government born big method water.,False,8,Subcontractor,Low,2427.93,Preconstruction,Material Substitution,3
1424,New Christopherbury Bypass Project,2024-12-13,2025-01-10,Answered,Guardrail Placement,Hour happen PM place rather sport player write ahead lose most color stuff watch difficult computer think across place some together bring society into.,True,28,DOT Inspector,Medium,13019.39,Inspection,Conflict Resolution,5
1425,Carlosland Bypass Project,2025-02-12,2025-02-20,Pending Review,Utility Relocation,Fire follow available brother board issue develop from bar expect send both national could.,False,8,Civil Engineer,Medium,17604.69,Paving,Clarification,4
1426,Devinport Bypass Project,2025-03-31,2025-04-22,Open,Pavement Materials,City attack answer often organization paper debate clearly wish lot way beyond end time argue brother wife bring create fish Congress administration.,True,22,Subcontractor,Low,5031.6,Paving,Design Change,5
1427,Webbburgh Bypass Project,2025-01-06,2025-01-22,Open,Utility Relocation,I according experience left wear face prepare apply feeling cause few war thank think.,True,16,General Contractor,High,172232.02,Paving,Material Substitution,2
1428,Kaylafort Bypass Project,2024-11-16,2024-12-06,Answered,Stormwater Drainage,Network news opportunity order ago mouth expert reduce me about west Mrs piece recognize prepare top brother red body kind test.,False,20,Civil Engineer,Low,8258.7,Excavation,Clarification,4
1429,New Bridgettown Bypass Project,2025-03-05,2025-03-26,Pending Review,Bridge Joint Design,Answer seem word scientist main it language series evening nothing door matter pay general education strong society best performance general hand us.,True,21,Civil Engineer,Medium,47082.32,Paving,Design Change,4
1430,Summersborough Bypass Project,2025-01-09,2025-01-22,Open,Guardrail Placement,Section meeting scientist serve step full here decide late strategy five whom family a give modern under different account city bag kid south over church.,True,13,DOT Inspector,Medium,38566.9,Paving,Design Change,5
1431,West Seth Bypass Project,2025-03-31,2025-04-18,Open,Stormwater Drainage,Perhaps dream machine raise their middle end real than room continue recent speech always record already country.,True,18,General Contractor,High,115066.25,Preconstruction,Clarification,5
1432,Lake Christopher Bypass Project,2025-02-01,2025-02-21,Pending Review,Road Grading,Number trial business recognize safe fear dark note natural see she large identify these system safe.,False,20,Civil Engineer,Low,6500.86,Excavation,Clarification,3
1433,East Danielchester Bypass Project,2025-02-13,2025-03-06,Answered,Lane Closures,Tough authority yet else where debate magazine official station among official sort rich mind carry anyone budget begin and test.,False,21,Subcontractor,Low,2797.92,Paving,Conflict Resolution,5
1434,East Steven Bypass Project,2025-03-21,2025-04-20,Pending Review,Utility Relocation,Newspaper community table available require prevent later them election arrive marriage send heavy American arm building event success most factor development trouble.,False,30,Subcontractor,Low,3672.24,Preconstruction,Material Substitution,3
1435,Johnstad Bypass Project,2024-12-26,2025-01-20,Closed,Traffic Signage,Sign describe always today table protect should available population energy old catch trial structure community prove leader official out.,False,25,DOT Inspector,Medium,17748.97,Paving,Design Change,3
1436,South Michelle Bypass Project,2025-03-24,2025-04-08,Pending Review,Utility Relocation,Candidate Democrat unit want artist fight common involve wall as response side part section employee south body somebody oil.,True,15,Civil Engineer,Medium,45853.3,Preconstruction,Material Substitution,3
1437,Angelaside Bypass Project,2025-01-28,2025-02-05,Closed,Pavement Materials,Leader price southern middle TV nearly production sell provide feeling across kitchen television save minute exactly create close scene.,True,8,General Contractor,High,63457.26,Preconstruction,Clarification,3
1438,Richardsfort Bypass Project,2025-01-31,2025-02-09,Answered,Utility Relocation,See put degree draw against last cover point former somebody politics during meet sense customer mouth research water get resource onto know father.,False,9,General Contractor,Low,4567.66,Excavation,Conflict Resolution,4
1439,Leahtown Bypass Project,2025-04-15,2025-04-25,Open,Road Grading,Training final likely mean eye how boy item enjoy yard throughout they possible cost economy but capital who region determine gun.,True,10,Civil Engineer,Medium,36357.78,Excavation,Conflict Resolution,4
1440,Michaelland Bypass Project,2025-04-10,2025-04-20,Answered,Utility Relocation,Former away dog reality poor today business similar run near film throw both continue.,True,10,General Contractor,Medium,13221.25,Excavation,Material Substitution,2
1441,Onealmouth Bypass Project,2025-03-26,2025-04-08,Pending Review,Traffic Signage,Think form art we image he word language man international mind movie choose save machine quickly figure trip although.,True,13,Subcontractor,Medium,23457.71,Inspection,Material Substitution,2
1442,West Michael Bypass Project,2024-12-10,2025-01-01,Pending Review,Guardrail Placement,Police their tonight arrive tonight garden mouth character benefit training contain scientist six with although might agree let pull prove instead meeting realize none ahead.,True,22,General Contractor,High,119735.24,Inspection,Conflict Resolution,3
1443,East Courtneymouth Bypass Project,2025-02-08,2025-02-26,Answered,Stormwater Drainage,It owner region decade matter game yeah exist someone conference less fine inside behind tend nature behind reveal.,True,18,Subcontractor,Medium,33231.53,Inspection,Material Substitution,4
1444,Richardview Bypass Project,2025-01-01,2025-01-24,Pending Review,Traffic Signage,Learn series these hope at two charge wrong you there save in least according range.,True,23,Civil Engineer,High,132138.29,Excavation,Conflict Resolution,3
1445,New Heather Bypass Project,2025-01-28,2025-02-19,Open,Pavement Materials,Site available environment car people car easy send authority wrong whole model.,False,22,DOT Inspector,Low,2786.74,Excavation,Design Change,3
1446,Lake Brianna Bypass Project,2025-03-30,2025-04-16,Answered,Stormwater Drainage,Mind will glass visit identify white agency girl probably space however management chair thus easy issue.,False,17,Civil Engineer,Low,5582.02,Paving,Design Change,4
1447,Johnmouth Bypass Project,2024-11-04,2024-12-04,Pending Review,Stormwater Drainage,Service modern central meet past but kid show remember candidate two ability.,False,30,Civil Engineer,Medium,45044.59,Inspection,Conflict Resolution,2
1448,South Jamesview Bypass Project,2024-11-12,2024-12-02,Closed,Utility Relocation,Trouble likely difference list pull same point any plant husband plant kid minute ready check war.,False,20,General Contractor,Low,8974.19,Excavation,Conflict Resolution,2
1449,Lake Angelastad Bypass Project,2025-02-10,2025-02-25,Answered,Guardrail Placement,Appear population similar most none society movie fill it almost explain lot miss.,False,15,General Contractor,Low,9150.11,Inspection,Clarification,4
1450,Kingport Bypass Project,2025-03-23,2025-04-13,Open,Soil Compaction,Somebody before old detail use moment ready space up this other will set just determine president friend require manager difference will president capital.,True,21,Civil Engineer,Medium,26297.98,Excavation,Design Change,4
1451,West Jeffreyburgh Bypass Project,2025-04-13,2025-05-12,Closed,Soil Compaction,Into arm his down south company agency their kitchen short head vote store affect type.,True,29,DOT Inspector,Medium,41701.03,Paving,Design Change,5
1452,Port Nicholas Bypass Project,2025-03-22,2025-04-12,Pending Review,Stormwater Drainage,Ability line try anyone apply speak west nation return individual let event study laugh contain country cut position look.,True,21,Civil Engineer,Medium,23507.75,Excavation,Material Substitution,4
1453,Floresfurt Bypass Project,2025-03-25,2025-04-03,Answered,Stormwater Drainage,Section floor too turn look television green season politics student than per movement room girl state heart meeting.,False,9,General Contractor,Medium,25430.5,Preconstruction,Conflict Resolution,3
1454,East Isaacfort Bypass Project,2025-03-25,2025-04-06,Pending Review,Utility Relocation,Fact responsibility current church book third around official state room break tree protect race part author nothing.,True,12,Subcontractor,Medium,33024.99,Paving,Material Substitution,3
1455,Port Karaton Bypass Project,2025-04-04,2025-04-17,Open,Bridge Joint Design,Into suddenly image across watch community line event born effort rich although prevent still investment former present spend think cost if as.,False,13,Subcontractor,Low,4180.2,Excavation,Material Substitution,5
1456,Johnburgh Bypass Project,2025-03-12,2025-03-18,Pending Review,Traffic Signage,Long nothing of report participant last defense nature personal thank standard arrive stage investment mention because tough interesting race.,False,6,Subcontractor,Low,3063.47,Excavation,Conflict Resolution,3
1457,Collinsland Bypass Project,2024-12-05,2024-12-31,Answered,Stormwater Drainage,Second late give imagine stand explain attorney morning country only opportunity happen investment market country fire.,False,26,Subcontractor,High,85149.61,Excavation,Clarification,5
1458,South Jasmineberg Bypass Project,2024-11-15,2024-11-20,Pending Review,Bridge Joint Design,Commercial past writer year already determine bed black friend decade food against occur her tell finish would draw art low write benefit mouth.,False,5,DOT Inspector,Low,5396.01,Inspection,Material Substitution,5
1459,East Tammy Bypass Project,2025-01-09,2025-02-06,Answered,Utility Relocation,State my firm your most pay something cost really phone none lot American door fire tree player voice report require.,True,28,General Contractor,Medium,45403.34,Inspection,Material Substitution,5
1460,Dicksonburgh Bypass Project,2025-04-13,2025-05-04,Pending Review,Road Grading,Style rise true return moment development help majority debate side nothing stuff identify magazine behind training someone parent short store.,True,21,Civil Engineer,High,180318.41,Excavation,Design Change,3
1461,Port Alison Bypass Project,2025-04-09,2025-04-24,Closed,Stormwater Drainage,Would company than cause piece affect per whether use cause sister cut.,True,15,Civil Engineer,Low,4287.76,Excavation,Clarification,2
1462,North Anthonyfurt Bypass Project,2025-02-16,2025-03-05,Pending Review,Lane Closures,Hear coach shoulder pass fear house suggest box learn talk large.,False,17,DOT Inspector,Medium,33784.85,Preconstruction,Clarification,4
1463,New Kylemouth Bypass Project,2025-04-12,2025-04-24,Closed,Soil Compaction,Three letter those option serve expert loss share certain science sister us age lot thus concern ask close evidence like eat.,True,12,Subcontractor,Medium,14581.75,Excavation,Design Change,3
1464,North Jacobmouth Bypass Project,2025-04-06,2025-04-23,Pending Review,Road Grading,Much property we majority people speech have window live help minute financial night democratic at.,True,17,Subcontractor,High,155467.27,Excavation,Design Change,4
1465,North Barbara Bypass Project,2025-02-06,2025-02-18,Closed,Lane Closures,Interesting section use American price short per start executive plant property nice offer pass alone tonight share this agent hotel.,True,12,General Contractor,Medium,12960.81,Preconstruction,Design Change,2
1466,Wrightbury Bypass Project,2025-01-26,2025-02-04,Answered,Guardrail Placement,Center respond behavior our population remember both clear plant office.,False,9,Subcontractor,Low,6723.85,Excavation,Design Change,3
1467,Johnchester Bypass Project,2024-11-22,2024-12-20,Answered,Soil Compaction,Fish toward forget look culture event this international job such over major reach.,False,28,Civil Engineer,Low,5478.84,Preconstruction,Clarification,5
1468,Melissamouth Bypass Project,2024-12-12,2025-01-06,Closed,Utility Relocation,Could himself law policy big land oil four past dark wide instead.,False,25,General Contractor,Low,3389.99,Paving,Clarification,3
1469,West Melvin Bypass Project,2024-12-01,2024-12-13,Pending Review,Road Grading,Plant quality senior about half second give crime production production quickly good charge hard Congress carry author while.,True,12,General Contractor,Low,9334.08,Inspection,Design Change,3
1470,East Johnland Bypass Project,2024-12-24,2025-01-14,Answered,Pavement Materials,Join discuss significant unit issue hard generation method candidate high often option leader wait himself.,True,21,Subcontractor,Medium,19681.73,Preconstruction,Conflict Resolution,5
1471,Port Kristinland Bypass Project,2025-01-16,2025-01-22,Pending Review,Lane Closures,Edge key some stock war must movie current against old data our Democrat type near because draw citizen matter house sometimes as ball ability.,True,6,Civil Engineer,Low,7616.72,Paving,Material Substitution,3
1472,West Edward Bypass Project,2025-04-05,2025-04-14,Pending Review,Stormwater Drainage,Probably since leave before character national I hand benefit value size cup wear interesting role whatever yeah happy through staff.,False,9,Subcontractor,Low,1315.88,Excavation,Clarification,2
1473,East Julia Bypass Project,2025-03-31,2025-04-03,Closed,Utility Relocation,Family card cause vote minute board walk be major specific others fast young respond leg song grow Democrat.,True,3,General Contractor,Medium,21627.15,Paving,Conflict Resolution,3
1474,Sparkstown Bypass Project,2024-11-01,2024-11-16,Closed,Guardrail Placement,Worker shake reach training bill western fly wall still reach in exist only indeed past.,True,15,DOT Inspector,Medium,45758.08,Paving,Conflict Resolution,3
1475,Alexisburgh Bypass Project,2025-01-06,2025-01-23,Open,Bridge Joint Design,Name house rate take let bank guy so western simply town hour under entire forget trouble name senior edge one account world sing treatment case.,False,17,Subcontractor,Low,7701.45,Paving,Material Substitution,3
1476,New Ericland Bypass Project,2024-12-19,2025-01-07,Answered,Guardrail Placement,Now truth thought go recently own drop movie responsibility page it reality.,False,19,General Contractor,High,164260.55,Preconstruction,Conflict Resolution,4
1477,South Dustin Bypass Project,2024-12-18,2024-12-22,Open,Utility Relocation,Campaign nor though organization finally peace because situation enough meet question should around cost get campaign.,True,4,Civil Engineer,Medium,11887.5,Excavation,Clarification,5
1478,Richardshire Bypass Project,2024-12-04,2024-12-12,Closed,Utility Relocation,Including cause why parent together nor then field tough kid change bed consumer case modern protect many training his.,False,8,General Contractor,Low,8931.47,Preconstruction,Conflict Resolution,3
1479,Thomasville Bypass Project,2025-02-11,2025-02-15,Open,Pavement Materials,Throughout ability manager event sure see do small with seem serve positive sometimes expect class size identify feeling.,True,4,Civil Engineer,High,100064.62,Paving,Design Change,5
1480,Riosmouth Bypass Project,2025-02-06,2025-02-18,Closed,Utility Relocation,Ability instead give woman allow less learn floor development station small hard production available dog offer toward like million live staff.,True,12,Subcontractor,High,138001.32,Inspection,Material Substitution,4
1481,North Richard Bypass Project,2025-03-15,2025-03-30,Open,Guardrail Placement,Wall arrive research best it let method site very every Mrs.,False,15,Subcontractor,Low,2687.82,Preconstruction,Conflict Resolution,5
1482,North Casey Bypass Project,2025-01-12,2025-01-19,Open,Utility Relocation,Manage Mr support seek we how around consider despite well think age writer risk issue south news data others before democratic recent arm.,False,7,Subcontractor,Low,8620.86,Paving,Conflict Resolution,2
1483,Lake Richard Bypass Project,2025-01-02,2025-01-08,Open,Utility Relocation,Republican detail try a arrive box institution network hit loss mind bed in their interest give of we wind.,True,6,Subcontractor,Low,3840.26,Paving,Design Change,4
1484,Leonardfort Bypass Project,2024-11-24,2024-12-04,Pending Review,Guardrail Placement,Both wind eat low majority car maintain them treat since.,True,10,Subcontractor,Medium,21473.18,Preconstruction,Design Change,5
1485,Debratown Bypass Project,2025-02-02,2025-02-28,Open,Traffic Signage,Production follow community structure treat particularly house risk third appear control support with worry lose.,False,26,DOT Inspector,Medium,41203.55,Excavation,Material Substitution,4
1486,West Davidburgh Bypass Project,2025-02-27,2025-03-18,Closed,Stormwater Drainage,Outside protect dream identify interest still sport would decide relationship since house school eight it knowledge boy low support.,False,19,Civil Engineer,Medium,35135.99,Excavation,Conflict Resolution,2
1487,New Michael Bypass Project,2025-01-29,2025-02-15,Answered,Guardrail Placement,Ten plant partner tough people pretty experience above item behind soon move together travel.,False,17,Subcontractor,Medium,38720.59,Paving,Design Change,4
1488,Wendybury Bypass Project,2025-03-22,2025-04-08,Pending Review,Soil Compaction,Moment rather blood white argue science answer enjoy six tough meeting arrive series range life knowledge same.,True,17,Subcontractor,Medium,23726.29,Inspection,Conflict Resolution,4
1489,South Donald Bypass Project,2024-12-03,2024-12-23,Closed,Traffic Signage,My describe successful pass seem live rise sometimes business candidate much create together member tough.,True,20,Civil Engineer,High,51347.91,Inspection,Design Change,5
1490,West Elizabethstad Bypass Project,2025-03-30,2025-04-05,Open,Utility Relocation,Herself their get sort hot once person sound pick soldier ahead involve.,True,6,DOT Inspector,Medium,20345.38,Preconstruction,Design Change,5
1491,Jessicaport Bypass Project,2025-04-15,2025-04-28,Closed,Bridge Joint Design,Lay indicate perhaps yes partner price late clearly less purpose issue month share also scene knowledge law door across area than method.,False,13,DOT Inspector,Low,6221.0,Inspection,Material Substitution,3
1492,North Kristen Bypass Project,2025-04-14,2025-04-25,Pending Review,Pavement Materials,The fast however seem help condition specific suggest goal major off hour best.,False,11,DOT Inspector,Low,7119.41,Inspection,Conflict Resolution,3
1493,Robertville Bypass Project,2025-02-22,2025-02-27,Closed,Lane Closures,Focus protect several until watch Mr mother real process we respond total identify understand remember she play key agree nearly.,True,5,Civil Engineer,Medium,31556.79,Excavation,Conflict Resolution,2
1494,Brandychester Bypass Project,2024-12-26,2025-01-07,Pending Review,Stormwater Drainage,Structure work speech low senior result better international father seat become matter although standard down will as capital future old family enough lay science yes.,True,12,Subcontractor,High,155524.59,Excavation,Material Substitution,3
1495,Lake Tracie Bypass Project,2025-02-01,2025-03-03,Open,Soil Compaction,Four though question bring politics involve short name paper wife produce husband course section.,True,30,Civil Engineer,High,129912.66,Preconstruction,Clarification,2
1496,East Ryanport Bypass Project,2024-11-15,2024-12-09,Open,Lane Closures,Easy example happen local institution spring watch process yes say meeting kid among rest major why watch.,False,24,General Contractor,Low,4875.11,Inspection,Conflict Resolution,5
1497,East Amberhaven Bypass Project,2024-11-26,2024-12-20,Open,Traffic Signage,Statement particularly from value information whom three list thus major leave along between base their.,True,24,DOT Inspector,Medium,14826.48,Preconstruction,Clarification,5
1498,Lake Jill Bypass Project,2025-03-06,2025-04-01,Answered,Traffic Signage,Speech way range standard show billion especially agree take three politics majority floor threat indeed media treatment instead third.,True,26,General Contractor,Medium,45027.38,Paving,Conflict Resolution,2
1499,New James Bypass Project,2025-02-01,2025-02-26,Answered,Pavement Materials,Administration make room community film type without development cold gun wall certainly modern trade hope training artist everything great.,True,25,General Contractor,High,141392.43,Paving,Material Substitution,2
1500,South Lindseybury Bypass Project,2024-12-02,2024-12-25,Open,Traffic Signage,Right teacher late page company game manager agree himself also manager husband structure.,False,23,Civil Engineer,High,155590.38,Excavation,Material Substitution,3
